player,team,position,age,minutes,games,goals,assists,shots,shots_on_target,passes_completed,passes,passes_pct,tackles,interceptions,clearances,touches,dispossessed,xg,xg_assist
Aaron Mooy,Australia,MF,,4,4,0,0,,0,170.0,217.0,78.3,9.0,3,9.0,255.0,4.0,0.0,
Aaron Ramsey,Wales,MF,,3,3,0,0,,0,88.0,112.0,78.6,2.0,0,2.0,147.0,4.0,0.0,
Abdelhamid Sabiri,Morocco,MF,,2,5,0,1,,0,45.0,58.0,77.6,3.0,5,3.0,86.0,3.0,0.1,
Abdelkarim Hassan,Qatar,DF,,3,3,0,0,,0,122.0,161.0,75.8,7.0,1,5.0,193.0,0.0,0.3,
Abderrazak Hamdallah,Morocco,FW,,0,4,0,0,,1,8.0,15.0,53.3,0.0,0,2.0,28.0,3.0,0.4,
Abdessamad Ezzalzouli,Morocco,FW,,1,3,0,0,,0,10.0,13.0,76.9,3.0,0,3.0,40.0,1.0,0.1,
Abdou Diallo,Senegal,DF,,3,4,0,0,,0,139.0,186.0,74.7,2.0,1,10.0,210.0,2.0,0.0,
Abdul Fatawu Issahaku,Ghana,FW,,0,1,0,0,,0,1.0,1.0,100.0,0.0,0,0.0,2.0,0.0,0.0,
Abdulaziz Hatem,Qatar,MF,,2,3,0,0,,1,72.0,91.0,79.1,1.0,1,0.0,98.0,1.0,0.0,
Abdulelah Al-Amri,Saudi Arabia,DF,,2,3,0,0,,0,74.0,104.0,71.2,1.0,4,10.0,129.0,0.0,0.1,
Abdulellah Al-Malki,Saudi Arabia,MF,,1,2,0,0,,0,66.0,84.0,78.6,3.0,2,4.0,105.0,0.0,0.1,
Abdullah Madu,Saudi Arabia,DF,,0,1,0,0,,0,5.0,13.0,38.5,1.0,0,2.0,19.0,0.0,0.0,
Abdulrahman Al-Aboud,Saudi Arabia,MF,,0,2,0,0,,0,8.0,13.0,61.5,3.0,0,0.0,22.0,0.0,0.1,
Abolfazl Jalali,IR Iran,DF,,0,1,0,0,,0,20.0,29.0,69.0,0.0,0,1.0,34.0,1.0,0.0,
Achraf Dari,Morocco,DF,,2,3,1,0,,1,99.0,111.0,89.2,1.0,5,9.0,139.0,1.0,0.6,
Achraf Hakimi,Morocco,DF,,7,7,0,1,,1,312.0,382.0,81.7,26.0,9,12.0,478.0,8.0,0.1,
Adrien Rabiot,France,MF,,5,6,1,1,,4,237.0,284.0,83.5,12.0,10,6.0,350.0,7.0,1.1,
Agustín Canobbio,Uruguay,MF,,0,1,0,0,,0,5.0,7.0,71.4,1.0,0,0.0,11.0,0.0,0.0,
Ahmad Nourollahi,IR Iran,MF,,2,3,0,0,,1,35.0,54.0,64.8,4.0,6,8.0,85.0,0.0,0.1,
Ahmed Alaaeldin,Qatar,FW,,0,1,0,0,,0,0.0,2.0,0.0,0.0,0,0.0,2.0,0.0,0.0,
Aimen Dahmen,Tunisia,GK,,3,3,0,0,,0,48.0,77.0,62.3,0.0,0,2.0,82.0,0.0,0.0,
Ajdin Hrustic,Australia,MF,,0,3,0,0,,0,17.0,21.0,81.0,2.0,1,1.0,32.0,1.0,0.0,
Akram Afif,Qatar,FW,,3,3,0,0,,0,139.0,165.0,84.2,0.0,0,0.0,181.0,5.0,0.0,
Alan Franco,Ecuador,MF,,0,2,0,0,,0,10.0,11.0,90.9,1.0,2,1.0,16.0,0.0,0.0,
Alejandro Balde,Spain,DF,,1,4,0,0,,0,112.0,123.0,91.1,6.0,0,2.0,135.0,3.0,0.0,
Aleksandar Mitrović,Serbia,FW,,2,3,2,0,,3,54.0,69.0,78.3,1.0,0,1.0,95.0,3.0,1.6,
Alex Sandro,Brazil,DF,,2,3,0,0,,0,150.0,169.0,88.8,8.0,3,9.0,193.0,0.0,0.0,
Alex Telles,Brazil,DF,,0,2,0,0,,0,33.0,42.0,78.6,2.0,0,1.0,46.0,0.0,0.0,
Alexander Bah,Denmark,DF,,0,2,0,0,,0,37.0,53.0,69.8,4.0,2,0.0,65.0,0.0,0.1,
Alexander Djiku,Ghana,DF,,1,2,0,0,,0,22.0,28.0,78.6,1.0,2,9.0,43.0,0.0,0.0,
Alexis Mac Allister,Argentina,MF,,6,6,1,1,,4,234.0,265.0,88.3,9.0,3,6.0,332.0,8.0,0.7,
Alexis Vega,Mexico,FW,,2,3,0,0,,2,40.0,56.0,71.4,0.0,1,2.0,85.0,8.0,0.8,
Ali Abdi,Tunisia,DF,,2,3,0,0,,0,72.0,116.0,62.1,8.0,4,13.0,152.0,4.0,0.0,
Ali Al Hassan,Saudi Arabia,MF,,0,1,0,0,,0,4.0,7.0,57.1,2.0,0,1.0,15.0,1.0,0.1,
Ali Al-Bulaihi,Saudi Arabia,DF,,2,3,0,0,,0,78.0,97.0,80.4,4.0,3,1.0,110.0,0.0,0.0,
Ali Assadalla,Qatar,MF,,0,1,0,0,,0,21.0,23.0,91.3,0.0,0,0.0,24.0,0.0,0.0,
Ali Gholizadeh,IR Iran,MF,,2,3,0,1,,0,46.0,72.0,63.9,0.0,3,2.0,86.0,2.0,0.0,
Ali Karimi,IR Iran,MF,,1,3,0,0,,0,34.0,45.0,75.6,3.0,3,1.0,55.0,0.0,0.0,
Ali Maâloul,Tunisia,DF,,1,1,0,0,,0,39.0,63.0,61.9,1.0,0,4.0,70.0,1.0,0.0,
Alidu Seidu,Ghana,DF,,1,2,0,0,,0,59.0,78.0,75.6,6.0,0,3.0,98.0,0.0,0.0,
Alireza Beiranvand,IR Iran,GK,,1,2,0,0,,0,20.0,31.0,64.5,0.0,0,2.0,34.0,0.0,0.0,
Alireza Jahanbakhsh,IR Iran,MF,,0,2,0,0,,0,11.0,17.0,64.7,1.0,1,0.0,27.0,0.0,0.2,
Alisson,Brazil,GK,,4,4,0,0,,0,80.0,93.0,86.0,0.0,0,2.0,101.0,0.0,0.0,
Alistair Johnston,Canada,DF,,3,3,0,0,,1,147.0,186.0,79.0,5.0,2,4.0,209.0,1.0,0.8,
Almoez Ali,Qatar,FW,,2,3,0,0,,1,33.0,45.0,73.3,1.0,1,1.0,66.0,3.0,0.4,
Alphonso Davies,Canada,MF,,3,3,1,0,,1,82.0,114.0,71.9,2.0,3,1.0,156.0,7.0,1.1,
Amadou Onana,Belgium,MF,,1,2,0,0,,0,58.0,64.0,90.6,4.0,0,0.0,74.0,1.0,0.5,
Anass Zaroury,Morocco,FW,,0,1,0,0,,0,8.0,13.0,61.5,0.0,0,0.0,15.0,0.0,0.0,
Andre-Frank Zambo Anguissa,Cameroon,MF,,2,3,0,1,,1,113.0,130.0,86.9,4.0,5,2.0,159.0,5.0,0.1,
Andreas Christensen,Denmark,DF,,3,3,1,0,,1,237.0,251.0,94.4,4.0,4,9.0,280.0,1.0,0.4,
Andreas Cornelius,Denmark,FW,,1,3,0,0,,2,21.0,34.0,61.8,0.0,0,1.0,48.0,1.0,1.0,
Andreas Skov Olsen,Denmark,FW,,1,2,0,0,,1,43.0,63.0,68.3,0.0,1,0.0,76.0,4.0,0.2,
Andrej Kramarić,Croatia,FW,,5,7,2,0,,4,153.0,176.0,86.9,3.0,0,0.0,215.0,6.0,1.6,
Andries Noppert,Netherlands,GK,,5,5,0,0,,0,157.0,192.0,81.8,0.0,0,4.0,205.0,0.0,0.0,
Andrija Živković,Serbia,DF,,2,3,0,2,,0,71.0,96.0,74.0,5.0,3,3.0,118.0,1.0,0.1,
André Ayew,Ghana,MF,,2,3,1,0,,1,30.0,37.0,81.1,4.0,0,3.0,61.0,4.0,1.1,
André Onana,Cameroon,GK,,0,1,0,0,,0,45.0,59.0,76.3,0.0,0,0.0,60.0,0.0,0.0,
André Silva,Portugal,FW,,0,1,0,0,,0,9.0,11.0,81.8,0.0,0,0.0,14.0,1.0,0.0,
Andrés Guardado,Mexico,MF,,0,1,0,0,,0,11.0,16.0,68.8,4.0,0,1.0,22.0,1.0,0.0,
Anis Ben Slimane,Tunisia,MF,,1,2,0,0,,1,29.0,46.0,63.0,3.0,1,1.0,72.0,11.0,0.1,
Ansu Fati,Spain,FW,,0,2,0,0,,0,25.0,29.0,86.2,1.0,0,0.0,33.0,0.0,0.0,
Ante Budimir,Croatia,FW,,0,2,0,0,,0,2.0,5.0,40.0,1.0,0,1.0,12.0,1.0,0.2,
Anthony Contreras,Costa Rica,FW,,1,3,0,0,,0,15.0,26.0,57.7,5.0,1,0.0,38.0,7.0,0.0,
Antoine Griezmann,France,MF,,6,7,0,3,,2,258.0,329.0,78.4,14.0,8,7.0,381.0,8.0,0.7,
Antoine Semenyo,Ghana,FW,,0,2,0,0,,0,1.0,2.0,50.0,0.0,0,0.0,6.0,1.0,0.0,
Antonee Robinson,United States,DF,,4,4,0,0,,0,173.0,241.0,71.8,5.0,7,8.0,288.0,3.0,0.0,
Antonio Rüdiger,Germany,DF,,3,3,0,0,,1,229.0,252.0,90.9,2.0,0,5.0,273.0,0.0,0.8,
Antony,Brazil,FW,,1,4,0,0,,2,86.0,109.0,78.9,3.0,1,1.0,145.0,6.0,0.2,
António Silva,Portugal,DF,,1,1,0,0,,0,60.0,62.0,96.8,1.0,1,1.0,67.0,0.0,0.0,
Ao Tanaka,Japan,MF,,1,3,1,0,,1,48.0,69.0,69.6,3.0,3,2.0,84.0,1.0,1.0,
Ardon Jasari,Switzerland,FW,,0,1,0,0,,0,5.0,6.0,83.3,0.0,0,0.0,8.0,0.0,0.0,
Arkadiusz Milik,Poland,FW,,1,3,0,0,,0,19.0,29.0,65.5,0.0,0,0.0,39.0,1.0,0.2,
Artur Jędrzejczyk,Poland,DF,,0,1,0,0,,0,3.0,4.0,75.0,0.0,0,1.0,5.0,0.0,0.0,
Asiri Haitham,Saudi Arabia,FW,,0,1,0,0,,0,1.0,2.0,50.0,0.0,0,1.0,5.0,0.0,0.0,
Assim Madibo,Qatar,MF,,1,2,0,0,,0,58.0,70.0,82.9,6.0,2,0.0,85.0,2.0,0.0,
Atiba Hutchinson,Canada,MF,,1,3,0,0,,0,100.0,112.0,89.3,4.0,1,3.0,131.0,2.0,0.1,
Aurélien Tchouaméni,France,MF,,6,7,1,0,,2,426.0,474.0,89.9,11.0,14,6.0,533.0,0.0,0.3,
Awer Mabil,Australia,MF,,0,2,0,0,,0,10.0,14.0,71.4,0.0,1,0.0,18.0,0.0,0.0,
Axel Disasi,France,DF,,1,3,0,0,,0,61.0,78.0,78.2,3.0,3,4.0,90.0,1.0,0.1,
Axel Witsel,Belgium,MF,,3,3,0,0,,0,169.0,177.0,95.5,4.0,4,6.0,200.0,3.0,0.0,
Ayase Ueda,Japan,FW,,0,1,0,0,,0,7.0,12.0,58.3,0.0,0,2.0,23.0,2.0,0.0,
Aymeric Laporte,Spain,DF,,3,3,0,0,,0,413.0,438.0,94.3,2.0,3,7.0,456.0,0.0,0.0,
Aziz Behich,Australia,DF,,4,4,0,0,,0,152.0,203.0,74.9,8.0,3,12.0,249.0,5.0,0.1,
Azzedine Ounahi,Morocco,MF,,6,7,0,0,,1,216.0,265.0,81.5,9.0,7,2.0,328.0,7.0,0.3,
Aïssa Laïdouni,Tunisia,MF,,2,3,0,1,,0,99.0,123.0,80.5,3.0,4,6.0,156.0,3.0,0.1,
Baba Rahman,Ghana,DF,,2,3,0,0,,0,66.0,100.0,66.0,5.0,1,3.0,121.0,0.0,0.0,
Badr Banoun,Morocco,DF,,0,3,0,0,,0,21.0,22.0,95.5,0.0,1,3.0,28.0,1.0,0.0,
Bailey Wright,Australia,DF,,0,1,0,0,,0,1.0,3.0,33.3,0.0,0,2.0,5.0,0.0,0.0,
Bamba Dieng,Senegal,FW,,1,4,1,0,,1,9.0,16.0,56.3,2.0,0,0.0,32.0,4.0,0.5,
Bartosz Bereszyński,Poland,DF,,3,4,0,0,,0,122.0,156.0,78.2,6.0,2,17.0,197.0,3.0,0.0,
Bassam Al-Rawi,Qatar,DF,,1,1,0,0,,0,47.0,57.0,82.5,0.0,0,7.0,68.0,1.0,0.0,
Ben Davies,Wales,DF,,2,3,0,0,,2,122.0,161.0,75.8,4.0,1,8.0,184.0,0.0,0.3,
Benjamin Pavard,France,DF,,1,1,0,0,,0,82.0,90.0,91.1,0.0,1,0.0,94.0,0.0,0.0,
Bernardo Silva,Portugal,MF,,4,5,0,0,,0,256.0,292.0,87.7,2.0,2,0.0,309.0,4.0,0.2,
Bilal El Khannous,Morocco,MF,,0,1,0,0,,0,20.0,24.0,83.3,0.0,0,2.0,29.0,0.0,0.0,
Borna Barišić,Croatia,DF,,1,1,0,0,,0,50.0,69.0,72.5,1.0,0,4.0,81.0,0.0,0.0,
Borna Sosa,Croatia,DF,,4,5,0,0,,0,220.0,278.0,79.1,14.0,2,18.0,333.0,3.0,0.1,
Boualem Khoukhi,Qatar,DF,,3,3,0,0,,0,169.0,197.0,85.8,2.0,3,18.0,232.0,1.0,0.0,
Boulaye Dia,Senegal,FW,,3,4,1,0,,3,39.0,53.0,73.6,1.0,1,3.0,81.0,8.0,0.7,
Brandon Aguilera,Costa Rica,MF,,1,3,0,0,,0,27.0,38.0,71.1,2.0,1,0.0,44.0,3.0,0.0,
Breel Embolo,Switzerland,FW,,3,4,2,0,,3,46.0,62.0,74.2,1.0,0,1.0,92.0,10.0,2.3,
Brenden Aaronson,United States,MF,,1,4,0,0,,0,41.0,50.0,82.0,3.0,1,0.0,78.0,4.0,0.1,
Brennan Johnson,Wales,FW,,1,3,0,0,,1,10.0,17.0,58.8,0.0,0,1.0,33.0,2.0,0.2,
Bruno Fernandes,Portugal,FW,,4,4,2,3,,2,188.0,233.0,80.7,4.0,2,4.0,266.0,4.0,1.1,
Bruno Guimarães,Brazil,MF,,0,2,0,0,,2,43.0,54.0,79.6,0.0,0,0.0,67.0,2.0,0.7,
Bruno Petković,Croatia,FW,,2,6,1,0,,1,40.0,75.0,53.3,6.0,0,0.0,101.0,10.0,0.1,
Bryan Mbeumo,Cameroon,FW,,2,3,0,0,,2,49.0,85.0,57.6,0.0,1,2.0,106.0,1.0,0.2,
Bryan Oviedo,Costa Rica,DF,,2,3,0,0,,0,67.0,89.0,75.3,6.0,3,7.0,112.0,0.0,0.0,
Bryan Ruiz,Costa Rica,MF,,0,1,0,0,,0,8.0,12.0,66.7,1.0,0,0.0,14.0,0.0,0.0,
Bukayo Saka,England,FW,,3,4,3,0,,5,84.0,108.0,77.8,7.0,2,2.0,147.0,3.0,0.6,
Callum Wilson,England,FW,,0,2,0,1,,0,9.0,10.0,90.0,0.0,0,0.0,16.0,2.0,0.0,
Cameron Carter-Vickers,United States,DF,,1,1,0,0,,0,50.0,58.0,86.2,0.0,0,4.0,64.0,0.0,0.0,
Carlos Gruezo,Ecuador,MF,,0,1,0,0,,0,15.0,15.0,100.0,2.0,0,0.0,19.0,0.0,0.0,
Carlos Martínez,Costa Rica,DF,,0,1,0,0,,0,10.0,15.0,66.7,1.0,1,1.0,20.0,1.0,0.0,
Carlos Soler,Spain,MF,,1,2,1,0,,1,78.0,83.0,94.0,0.0,0,0.0,88.0,1.0,0.5,
Casemiro,Brazil,MF,,4,4,1,0,,3,208.0,251.0,82.9,11.0,7,5.0,302.0,4.0,0.4,
Celso Borges,Costa Rica,MF,,2,3,0,0,,0,98.0,120.0,81.7,5.0,4,7.0,143.0,0.0,0.0,
Charles De Ketelaere,Belgium,FW,,0,1,0,0,,0,3.0,4.0,75.0,0.0,0,0.0,6.0,1.0,0.0,
Charly Rodríguez,Mexico,MF,,0,2,0,0,,0,21.0,30.0,70.0,0.0,0,0.0,36.0,0.0,0.0,
Cheikhou Kouyaté,Senegal,MF,,0,1,0,0,,0,19.0,23.0,82.6,0.0,2,4.0,34.0,0.0,0.0,
Cho Guesung,Korea Republic,FW,,3,4,2,0,,5,40.0,63.0,63.5,0.0,0,3.0,88.0,5.0,1.1,
Cho Yumin,Korea Republic,FW,,0,1,0,0,,0,0.0,0.0,,0.0,0,0.0,0.0,0.0,0.0,
Chris Mepham,Wales,DF,,3,3,0,0,,0,141.0,172.0,82.0,8.0,1,16.0,199.0,0.0,0.0,
Christian Bassogog,Cameroon,MF,,0,1,0,0,,0,5.0,9.0,55.6,0.0,1,0.0,13.0,0.0,0.0,
Christian Eriksen,Denmark,MF,,3,3,0,0,,1,188.0,230.0,81.7,1.0,0,1.0,253.0,3.0,0.2,
Christian Fassnacht,Switzerland,FW,,0,1,0,0,,1,7.0,10.0,70.0,0.0,0,1.0,12.0,0.0,0.2,
Christian Nørgaard,Denmark,MF,,0,1,0,0,,0,14.0,15.0,93.3,0.0,0,0.0,15.0,0.0,0.0,
Christian Pulisic,United States,FW,,3,4,1,2,,5,83.0,141.0,58.9,2.0,0,1.0,187.0,10.0,1.1,
Christopher Wooh,Cameroon,DF,,1,1,0,0,,0,25.0,31.0,80.6,1.0,1,6.0,45.0,2.0,0.0,
Cody Gakpo,Netherlands,FW,,5,5,3,0,,3,93.0,148.0,62.8,8.0,3,6.0,205.0,9.0,0.3,
Collins Fai,Cameroon,DF,,3,3,0,0,,0,99.0,146.0,67.8,5.0,4,7.0,169.0,0.0,0.0,
Connor Roberts,Wales,DF,,2,3,0,0,,0,92.0,118.0,78.0,3.0,1,7.0,138.0,0.0,0.0,
Craig Goodwin,Australia,MF,,2,4,1,1,,1,58.0,95.0,61.1,4.0,0,3.0,118.0,3.0,0.3,
Cristian Romero,Argentina,DF,,6,7,0,0,,0,337.0,375.0,89.9,5.0,4,26.0,428.0,1.0,0.0,
Cristiano Ronaldo,Portugal,FW,,3,5,1,0,,2,68.0,90.0,75.6,0.0,0,1.0,116.0,5.0,1.6,
Cyle Larin,Canada,FW,,1,3,0,0,,1,21.0,29.0,72.4,0.0,0,2.0,44.0,2.0,0.2,
César Azpilicueta,Spain,DF,,1,2,0,1,,0,171.0,181.0,94.5,1.0,1,0.0,185.0,1.0,0.0,
César Montes,Mexico,DF,,3,3,0,1,,0,159.0,197.0,80.7,6.0,2,11.0,222.0,0.0,0.2,
Daichi Kamada,Japan,FW,,3,4,0,0,,1,83.0,104.0,79.8,7.0,0,3.0,139.0,7.0,0.6,
Daizen Maeda,Japan,FW,,2,3,1,0,,1,8.0,17.0,47.1,3.0,3,0.0,31.0,0.0,0.5,
Daley Blind,Netherlands,DF,,4,5,1,1,,2,252.0,300.0,84.0,14.0,5,4.0,339.0,1.0,0.4,
Damian Szymański,Poland,MF,,0,1,0,0,,0,8.0,8.0,100.0,0.0,1,0.0,9.0,0.0,0.0,
Dani Alves,Brazil,DF,,1,2,0,0,,0,83.0,97.0,85.6,5.0,2,2.0,113.0,2.0,0.2,
Dani Carvajal,Spain,DF,,1,2,0,0,,0,121.0,135.0,89.6,1.0,2,1.0,137.0,0.0,0.0,
Dani Olmo,Spain,FW,,4,4,1,1,,6,162.0,198.0,81.8,5.0,1,4.0,257.0,7.0,1.4,
Daniel Amartey,Ghana,DF,,2,3,0,0,,0,128.0,141.0,90.8,6.0,3,12.0,172.0,1.0,0.2,
Daniel Chacón,Costa Rica,MF,,0,1,0,0,,0,1.0,1.0,100.0,0.0,0,1.0,2.0,0.0,0.0,
Daniel James,Wales,FW,,1,3,0,0,,0,24.0,36.0,66.7,1.0,0,1.0,49.0,1.0,0.0,
Daniel Kyereh,Ghana,MF,,0,3,0,0,,0,18.0,23.0,78.3,2.0,0,4.0,31.0,2.0,0.0,
Danilo,Brazil,DF,,3,3,0,0,,0,230.0,269.0,85.5,5.0,3,5.0,289.0,1.0,0.0,
Danilo Pereira,Portugal,DF,,1,1,0,0,,0,68.0,78.0,87.2,2.0,3,3.0,87.0,1.0,0.0,
Danny Ward,Wales,GK,,1,2,0,0,,0,24.0,39.0,61.5,0.0,0,0.0,42.0,0.0,0.0,
Darko Lazović,Serbia,DF,,0,1,0,0,,0,7.0,12.0,58.3,0.0,0,0.0,14.0,0.0,0.0,
Darwin Núñez,Uruguay,FW,,2,3,0,0,,1,35.0,56.0,62.5,3.0,0,2.0,85.0,6.0,0.4,
David Raum,Germany,DF,,2,3,0,1,,0,153.0,195.0,78.5,6.0,7,2.0,229.0,3.0,0.0,
David Wotherspoon,Canada,MF,,0,1,0,0,,0,4.0,7.0,57.1,0.0,0,0.0,9.0,0.0,0.0,
Davy Klaassen,Netherlands,MF,,2,4,1,2,,1,59.0,77.0,76.6,3.0,1,2.0,96.0,3.0,0.2,
Dayot Upamecano,France,DF,,5,5,0,0,,0,314.0,351.0,89.5,11.0,6,13.0,393.0,1.0,0.0,
DeAndre Yedlin,United States,DF,,0,2,0,0,,0,19.0,28.0,67.9,2.0,0,2.0,32.0,0.0,0.0,
Declan Rice,England,MF,,4,5,0,0,,0,300.0,322.0,93.2,6.0,11,5.0,362.0,2.0,0.0,
Dejan Lovren,Croatia,DF,,6,6,0,1,,0,405.0,460.0,88.0,7.0,6,29.0,515.0,0.0,0.3,
Denis Odoi,Ghana,DF,,0,1,0,0,,0,2.0,2.0,100.0,1.0,0,2.0,7.0,0.0,0.0,
Denis Zakaria,Switzerland,MF,,0,2,0,0,,0,20.0,23.0,87.0,0.0,3,1.0,32.0,1.0,0.0,
Denzel Dumfries,Netherlands,DF,,5,5,1,2,,1,149.0,217.0,68.7,8.0,7,6.0,274.0,7.0,0.4,
Devis Epassy,Cameroon,GK,,2,2,0,0,,0,57.0,83.0,68.7,0.0,0,2.0,93.0,0.0,0.0,
Diego Godín,Uruguay,DF,,1,2,0,0,,0,87.0,103.0,84.5,0.0,1,9.0,116.0,0.0,0.1,
Diogo Costa,Portugal,GK,,5,5,0,0,,0,113.0,160.0,70.6,1.0,0,4.0,170.0,1.0,0.0,
Diogo Dalot,Portugal,DF,,2,3,0,2,,1,112.0,147.0,76.2,8.0,2,1.0,172.0,1.0,0.0,
Djibril Sow,Switzerland,MF,,2,4,0,1,,0,84.0,97.0,86.6,2.0,2,0.0,115.0,2.0,0.2,
Djorkaeff Reasco,Ecuador,FW,,0,1,0,0,,0,2.0,2.0,100.0,0.0,0,0.0,3.0,1.0,0.0,
Dominik Livaković,Croatia,GK,,7,7,0,0,,0,194.0,228.0,85.1,0.0,0,0.0,245.0,0.0,0.0,
Dries Mertens,Belgium,MF,,0,2,0,0,,1,22.0,33.0,66.7,2.0,0,0.0,39.0,0.0,0.8,
Dušan Tadić,Serbia,MF,,2,3,0,2,,0,90.0,127.0,70.9,4.0,1,0.0,150.0,3.0,0.1,
Dušan Vlahović,Serbia,FW,,0,2,1,0,,3,6.0,11.0,54.5,1.0,0,0.0,19.0,1.0,0.8,
Dylan Bronn,Tunisia,DF,,1,2,0,0,,0,75.0,98.0,76.5,4.0,0,0.0,104.0,2.0,0.1,
Eden Hazard,Belgium,MF,,1,3,0,0,,1,46.0,58.0,79.3,0.0,1,0.0,70.0,5.0,0.1,
Ederson,Brazil,GK,,1,1,0,0,,0,28.0,31.0,90.3,0.0,0,0.0,32.0,0.0,0.0,
Edimilson Fernandes,Switzerland,FW,,1,3,0,0,,0,65.0,82.0,79.3,2.0,2,3.0,95.0,3.0,0.0,
Edinson Cavani,Uruguay,FW,,1,3,0,0,,0,27.0,37.0,73.0,0.0,0,0.0,44.0,0.0,0.3,
Edouard Mendy,Senegal,GK,,4,4,0,0,,0,88.0,120.0,73.3,0.0,0,3.0,128.0,0.0,0.0,
Edson Álvarez,Mexico,MF,,1,2,0,0,,1,86.0,114.0,75.4,3.0,4,2.0,131.0,2.0,0.0,
Eduardo Camavinga,France,DF,,1,2,0,0,,0,88.0,100.0,88.0,14.0,3,6.0,138.0,3.0,0.0,
Ehsan Hajsafi,IR Iran,MF,,2,3,0,0,,0,61.0,98.0,62.2,6.0,2,2.0,118.0,1.0,0.2,
Ellyes Skhiri,Tunisia,MF,,3,3,0,0,,0,109.0,127.0,85.8,10.0,7,3.0,161.0,1.0,0.1,
Emiliano Martínez,Argentina,GK,,7,7,0,0,,0,120.0,187.0,64.2,0.0,0,3.0,196.0,0.0,0.0,
Enner Valencia,Ecuador,FW,,2,3,3,0,,3,40.0,57.0,70.2,2.0,1,2.0,98.0,6.0,2.3,
Enzo Ebosse,Cameroon,DF,,1,1,0,0,,0,34.0,38.0,89.5,4.0,0,5.0,49.0,0.0,0.0,
Enzo Fernández,Argentina,MF,,6,7,1,1,,3,412.0,471.0,87.5,22.0,3,7.0,533.0,7.0,0.3,
Eray Cömert,Switzerland,DF,,0,2,0,0,,0,38.0,42.0,90.5,0.0,2,2.0,50.0,0.0,0.0,
Eric Dier,England,DF,,0,2,0,0,,0,40.0,41.0,97.6,1.0,0,0.0,44.0,0.0,0.0,
Eric Maxim Choupo-Moting,Cameroon,FW,,2,3,1,0,,2,44.0,66.0,66.7,4.0,1,1.0,87.0,2.0,0.8,
Erick Gutiérrez,Mexico,MF,,0,1,0,0,,0,24.0,29.0,82.8,1.0,2,1.0,34.0,0.0,0.0,
Ethan Ampadu,Wales,MF,,2,3,0,0,,0,108.0,144.0,75.0,4.0,4,10.0,178.0,3.0,0.0,
Everton Ribeiro,Brazil,MF,,0,1,0,0,,0,15.0,18.0,83.3,1.0,0,0.0,21.0,1.0,0.0,
Exequiel Palacios,Argentina,MF,,0,3,0,0,,0,25.0,28.0,89.3,0.0,2,1.0,34.0,2.0,0.1,
Fabian Frei,Switzerland,MF,,0,2,0,0,,0,9.0,14.0,64.3,1.0,1,0.0,16.0,2.0,0.0,
Fabian Rieder,Switzerland,FW,,0,2,0,0,,0,13.0,26.0,50.0,3.0,0,1.0,32.0,2.0,0.0,
Fabian Schär,Switzerland,DF,,1,2,0,0,,0,65.0,82.0,79.3,2.0,2,7.0,100.0,1.0,0.1,
Fabinho,Brazil,MF,,1,1,0,0,,0,51.0,57.0,89.5,3.0,1,2.0,63.0,0.0,0.0,
Facundo Pellistri,Uruguay,MF,,2,3,0,0,,0,32.0,46.0,69.6,2.0,0,2.0,66.0,3.0,0.2,
Famara Diedhiou,Senegal,FW,,1,2,1,0,,1,10.0,14.0,71.4,0.0,0,2.0,24.0,2.0,0.2,
Federico Valverde,Uruguay,MF,,3,3,0,0,,1,159.0,189.0,84.1,7.0,5,1.0,225.0,2.0,0.2,
Ferjani Sassi,Tunisia,MF,,0,2,0,0,,0,25.0,34.0,73.5,2.0,1,0.0,39.0,0.0,0.0,
Ferrán Torres,Spain,FW,,2,4,2,0,,1,59.0,85.0,69.4,0.0,0,0.0,115.0,7.0,1.0,
Filip Kostić,Serbia,DF,,2,2,0,0,,0,72.0,113.0,63.7,6.0,0,1.0,130.0,1.0,0.0,
Filip Mladenović,Serbia,DF,,0,1,0,0,,0,20.0,25.0,80.0,0.0,0,1.0,29.0,0.0,0.0,
Filip Đuričić,Serbia,MF,,0,2,0,0,,0,5.0,6.0,83.3,0.0,0,0.0,9.0,0.0,0.0,
Firas Al-Buraikan,Saudi Arabia,MF,,3,3,0,1,,0,42.0,63.0,66.7,3.0,2,4.0,94.0,3.0,0.1,
Fodé Ballo-Touré,Senegal,DF,,0,1,0,0,,0,5.0,8.0,62.5,0.0,0,0.0,10.0,0.0,0.0,
Fran Karačić,Australia,DF,,1,2,0,0,,0,33.0,54.0,61.1,2.0,2,3.0,69.0,0.0,0.2,
Francisco Calvo,Costa Rica,DF,,2,2,0,0,,0,86.0,104.0,82.7,7.0,2,2.0,121.0,1.0,0.0,
Fred,Brazil,MF,,1,4,0,0,,1,71.0,83.0,85.5,3.0,0,3.0,98.0,1.0,0.3,
Frenkie de Jong,Netherlands,MF,,5,5,1,1,,1,323.0,364.0,88.7,12.0,6,3.0,408.0,4.0,0.9,
Félix Torres Caicedo,Ecuador,DF,,3,3,0,1,,0,168.0,208.0,80.8,2.0,4,10.0,233.0,0.0,0.1,
Gabriel Jesus,Brazil,FW,,1,3,0,0,,1,22.0,28.0,78.6,2.0,2,0.0,39.0,0.0,0.4,
Garang Kuol,Australia,FW,,0,2,0,0,,1,3.0,5.0,60.0,0.0,1,0.0,10.0,0.0,0.4,
Gareth Bale,Wales,FW,,2,3,1,0,,1,33.0,53.0,62.3,1.0,1,1.0,68.0,4.0,0.8,
Gavi,Spain,MF,,3,4,1,0,,1,133.0,154.0,86.4,8.0,1,2.0,183.0,5.0,0.1,
Gaël Ondoua,Cameroon,MF,,0,2,0,0,,0,17.0,19.0,89.5,2.0,2,0.0,25.0,1.0,0.0,
Georges-Kévin N'Koudou,Cameroon,FW,,0,2,0,0,,1,9.0,12.0,75.0,0.0,0,0.0,20.0,2.0,0.0,
Germán Pezzella,Argentina,DF,,0,3,0,0,,0,42.0,45.0,93.3,0.0,0,0.0,47.0,0.0,0.1,
Gerson Torres,Costa Rica,MF,,0,1,0,0,,0,16.0,16.0,100.0,0.0,0,0.0,25.0,4.0,0.0,
Ghaylène Chaalali,Tunisia,MF,,0,1,0,0,,0,3.0,4.0,75.0,0.0,2,1.0,11.0,1.0,0.0,
Gideon Mensah,Ghana,DF,,1,1,0,1,,0,36.0,46.0,78.3,1.0,2,5.0,59.0,1.0,0.0,
Gio Reyna,United States,FW,,0,2,0,0,,0,26.0,38.0,68.4,0.0,0,0.0,42.0,1.0,0.1,
Giorgian De Arrascaeta,Uruguay,MF,,1,2,2,0,,3,32.0,52.0,61.5,3.0,2,1.0,69.0,4.0,1.2,
Gleison Bremer,Brazil,DF,,1,2,0,0,,0,78.0,84.0,92.9,1.0,1,6.0,95.0,0.0,0.2,
Gonzalo Montiel,Argentina,DF,,1,4,0,0,,0,69.0,81.0,85.2,3.0,1,1.0,95.0,2.0,0.0,
Gonzalo Plata,Ecuador,MF,,3,3,0,0,,1,77.0,104.0,74.0,3.0,2,0.0,133.0,3.0,0.1,
Gonçalo Ramos,Portugal,FW,,1,4,3,1,,5,25.0,31.0,80.6,1.0,0,2.0,55.0,0.0,1.6,
Granit Xhaka,Switzerland,MF,,4,4,0,0,,3,215.0,243.0,88.5,6.0,2,7.0,273.0,3.0,0.3,
Gregor Kobel,Switzerland,GK,,1,1,0,0,,0,21.0,29.0,72.4,0.0,0,0.0,29.0,0.0,0.0,
Grzegorz Krychowiak,Poland,MF,,3,4,0,0,,0,93.0,127.0,73.2,9.0,5,4.0,165.0,0.0,0.0,
Guido Rodríguez,Argentina,MF,,0,1,0,0,,0,54.0,64.0,84.4,2.0,0,1.0,69.0,0.0,0.0,
Guillermo Ochoa,Mexico,GK,,3,3,0,0,,0,93.0,109.0,85.3,0.0,0,0.0,112.0,0.0,0.0,
Guillermo Varela,Uruguay,DF,,2,3,0,0,,0,62.0,92.0,67.4,3.0,3,1.0,109.0,1.0,0.0,
Haji Wright,United States,FW,,1,4,1,0,,2,20.0,27.0,74.1,2.0,0,1.0,44.0,0.0,0.5,
Hakim Ziyech,Morocco,FW,,7,7,1,1,,2,211.0,306.0,69.0,10.0,10,4.0,386.0,11.0,0.4,
Hannibal Mejbri,Tunisia,MF,,0,1,0,0,,0,2.0,2.0,100.0,1.0,1,0.0,4.0,0.0,0.0,
Haris Seferović,Switzerland,FW,,0,3,0,0,,0,10.0,14.0,71.4,0.0,0,0.0,20.0,0.0,0.2,
Harry Kane,England,FW,,4,5,2,3,,5,62.0,98.0,63.3,2.0,0,5.0,138.0,5.0,2.7,
Harry Maguire,England,DF,,4,5,0,1,,1,354.0,407.0,87.0,7.0,4,18.0,445.0,0.0,0.4,
Harry Souttar,Australia,DF,,4,4,0,0,,0,138.0,167.0,82.6,4.0,6,22.0,213.0,0.0,0.1,
Harry Wilson,Wales,MF,,1,3,0,0,,0,48.0,64.0,75.0,4.0,1,3.0,81.0,0.0,0.1,
Hassan Al Tambakti,Saudi Arabia,DF,,2,2,0,0,,0,40.0,55.0,72.7,4.0,3,6.0,75.0,0.0,0.0,
Hassan Al-Haydos,Qatar,MF,,2,3,0,0,,1,65.0,80.0,81.3,4.0,2,1.0,101.0,3.0,0.0,
Hattan Bahebri,Saudi Arabia,MF,,0,2,0,1,,0,4.0,7.0,57.1,0.0,0,0.0,7.0,0.0,0.0,
Henry Martín,Mexico,FW,,1,2,1,0,,2,13.0,20.0,65.0,1.0,2,1.0,35.0,2.0,0.9,
Hernán Galíndez,Ecuador,GK,,3,3,0,0,,0,44.0,74.0,59.5,0.0,0,0.0,77.0,0.0,0.0,
Hidemasa Morita,Japan,MF,,3,3,0,0,,1,129.0,157.0,82.2,0.0,3,4.0,192.0,5.0,0.2,
Hiroki Ito,Japan,DF,,0,1,0,0,,0,58.0,63.0,92.1,0.0,0,0.0,64.0,0.0,0.0,
Hiroki Sakai,Japan,MF,,1,2,0,0,,0,28.0,47.0,59.6,5.0,1,8.0,70.0,1.0,0.5,
Hirving Lozano,Mexico,FW,,2,3,0,0,,3,42.0,77.0,54.5,7.0,0,1.0,109.0,4.0,0.2,
Homam Ahmed,Qatar,DF,,2,3,0,0,,0,77.0,105.0,73.3,2.0,2,1.0,115.0,2.0,0.0,
Hong Chul,Korea Republic,DF,,0,1,0,0,,0,17.0,20.0,85.0,0.0,1,1.0,24.0,0.0,0.0,
Hossein Hosseini,IR Iran,GK,,1,2,0,0,,0,23.0,47.0,48.9,0.0,0,0.0,49.0,0.0,0.0,
Hossein Kanaanizadegan,IR Iran,DF,,0,1,0,0,,0,8.0,11.0,72.7,0.0,1,2.0,15.0,0.0,0.0,
Hugo Lloris,France,GK,,6,6,0,0,,0,110.0,182.0,60.4,0.0,0,3.0,203.0,0.0,0.0,
Hwang Hee-chan,Korea Republic,MF,,1,2,1,0,,5,45.0,59.0,76.3,1.0,0,0.0,84.0,3.0,0.9,
Hwang In-beom,Korea Republic,MF,,3,4,0,0,,1,194.0,247.0,78.5,4.0,3,2.0,276.0,0.0,0.2,
Hwang Ui-jo,Korea Republic,FW,,1,4,0,0,,0,9.0,11.0,81.8,0.0,0,1.0,18.0,0.0,0.5,
Héctor Herrera,Mexico,MF,,1,2,0,0,,0,64.0,78.0,82.1,4.0,3,0.0,91.0,1.0,0.0,
Héctor Moreno,Mexico,DF,,3,3,0,0,,0,165.0,195.0,84.6,2.0,1,4.0,210.0,1.0,0.2,
Ibrahima Konaté,France,DF,,3,5,0,0,,1,216.0,236.0,91.5,15.0,7,16.0,283.0,2.0,0.4,
Idrissa Gana Gueye,Senegal,MF,,3,3,0,0,,1,107.0,133.0,80.5,2.0,5,3.0,155.0,5.0,0.3,
Ilias Chair,Morocco,MF,,0,1,0,0,,0,13.0,15.0,86.7,1.0,0,0.0,18.0,1.0,0.0,
Iliman Ndiaye,Senegal,FW,,1,3,0,1,,0,25.0,32.0,78.1,0.0,1,0.0,44.0,3.0,0.1,
Ismail Jakobs,Senegal,DF,,3,4,0,1,,0,107.0,156.0,68.6,0.0,4,14.0,184.0,1.0,0.0,
Ismail Mohamad,Qatar,FW,,1,2,0,1,,2,,,,,2,,,,,
Ismaila Sarr,Senegal,FW,,3,4,1,0,,1,52.0,81.0,64.2,4.0,2,1.0,133.0,5.0,1.7,
Ismaël Koné,Canada,MF,,1,3,0,0,,0,96.0,101.0,95.0,0.0,0,0.0,103.0,0.0,0.0,
Issam Jebali,Tunisia,FW,,2,3,0,0,,1,25.0,35.0,71.4,3.0,0,3.0,60.0,7.0,0.5,
Ivan Ilić,Serbia,MF,,0,1,0,0,,0,19.0,20.0,95.0,0.0,1,0.0,23.0,1.0,0.0,
Ivan Perišić,Croatia,FW,,7,7,1,3,,4,202.0,292.0,69.2,7.0,7,12.0,378.0,5.0,0.9,
Iñaki Williams,Ghana,FW,,3,3,0,0,,0,29.0,42.0,69.0,4.0,0,2.0,63.0,5.0,0.3,
Jack Grealish,England,FW,,1,5,1,0,,1,48.0,54.0,88.9,3.0,3,1.0,71.0,0.0,0.6,
Jackson Irvine,Australia,MF,,3,4,0,0,,0,103.0,128.0,80.5,4.0,3,8.0,170.0,6.0,0.5,
Jackson Porozo,Ecuador,DF,,1,2,0,0,,0,39.0,44.0,88.6,2.0,3,4.0,58.0,2.0,0.1,
Jakub Kamiński,Poland,MF,,2,4,0,0,,1,37.0,61.0,60.7,6.0,0,2.0,88.0,6.0,0.4,
Jakub Kiwior,Poland,DF,,3,4,0,0,,0,174.0,205.0,84.9,2.0,4,15.0,236.0,1.0,0.0,
Jamal Musiala,Germany,MF,,2,3,0,1,,3,85.0,105.0,81.0,1.0,1,0.0,163.0,16.0,1.9,
Jamie Maclaren,Australia,FW,,0,3,0,0,,0,7.0,15.0,46.7,0.0,1,0.0,15.0,1.0,0.0,
Jan Bednarek,Poland,DF,,0,1,0,0,,0,6.0,6.0,100.0,0.0,0,0.0,6.0,0.0,0.0,
Jan Vertonghen,Belgium,DF,,3,3,0,0,,0,238.0,269.0,88.5,0.0,5,12.0,290.0,0.0,0.2,
Jason Cummings,Australia,FW,,0,1,0,0,,0,4.0,6.0,66.7,0.0,0,0.0,9.0,0.0,0.0,
Jawad El Yamiq,Morocco,DF,,3,6,0,0,,1,146.0,164.0,89.0,4.0,5,17.0,202.0,0.0,0.1,
Jean-Charles Castelletto,Cameroon,DF,,2,2,1,1,,1,66.0,82.0,80.5,3.0,6,12.0,109.0,0.0,0.9,
Jeong Woo-yeong,Korea Republic,MF,,0,1,0,0,,0,12.0,15.0,80.0,0.0,0,1.0,20.0,0.0,0.0,
Jeremy Doku,Belgium,MF,,0,1,0,0,,0,8.0,14.0,57.1,0.0,0,0.0,16.0,0.0,0.0,
Jeremy Sarmiento,Ecuador,MF,,0,3,0,0,,1,23.0,37.0,62.2,2.0,1,0.0,44.0,1.0,0.1,
Jerome Ngom Mbekeli,Cameroon,MF,,0,1,0,0,,0,1.0,2.0,50.0,0.0,0,1.0,4.0,1.0,0.0,
Jesper Lindstrøm,Denmark,MF,,2,3,0,0,,1,36.0,52.0,69.2,1.0,1,1.0,81.0,1.0,0.3,
Jesús Ferreira,United States,FW,,0,1,0,0,,0,16.0,19.0,84.2,1.0,0,0.0,24.0,1.0,0.0,
Jesús Gallardo,Mexico,DF,,3,3,0,0,,0,93.0,134.0,69.4,9.0,1,10.0,167.0,0.0,0.1,
Jewison Bennette,Costa Rica,MF,,1,3,0,0,,0,11.0,14.0,78.6,0.0,0,0.0,29.0,1.0,0.0,
Jhegson Méndez,Ecuador,MF,,2,2,0,0,,0,128.0,140.0,91.4,2.0,1,1.0,150.0,1.0,0.0,
Joachim Andersen,Denmark,DF,,3,3,0,1,,1,198.0,250.0,79.2,4.0,0,12.0,281.0,1.0,0.1,
Joakim Mæhle,Denmark,DF,,2,3,0,0,,0,119.0,146.0,81.5,9.0,2,6.0,185.0,2.0,0.0,
Joe Allen,Wales,MF,,1,2,0,0,,0,30.0,36.0,83.3,1.0,1,4.0,51.0,0.0,0.1,
Joe Morrell,Wales,MF,,0,2,0,0,,0,12.0,14.0,85.7,3.0,1,0.0,24.0,1.0,0.0,
Joe Rodon,Wales,DF,,3,3,0,0,,0,152.0,169.0,89.9,2.0,4,13.0,192.0,0.0,0.0,
Joel Campbell,Costa Rica,FW,,3,3,0,0,,0,104.0,138.0,75.4,9.0,0,4.0,179.0,8.0,0.0,
Johan Venegas,Costa Rica,FW,,0,1,0,0,,0,11.0,14.0,78.6,0.0,0,2.0,21.0,0.0,0.0,
John Stones,England,DF,,4,5,0,0,,1,435.0,454.0,95.8,2.0,1,8.0,475.0,0.0,0.4,
Jonas Hofmann,Germany,FW,,0,2,0,0,,1,16.0,20.0,80.0,0.0,0,0.0,24.0,2.0,0.3,
Jonathan David,Canada,FW,,2,3,0,0,,1,41.0,60.0,68.3,1.0,0,0.0,84.0,2.0,1.0,
Jonathan Osorio,Canada,MF,,1,3,0,0,,0,52.0,57.0,91.2,2.0,1,1.0,68.0,2.0,0.1,
Jordan Ayew,Ghana,FW,,1,3,0,1,,1,35.0,46.0,76.1,3.0,1,1.0,68.0,4.0,0.1,
Jordan Henderson,England,MF,,3,4,1,0,,1,137.0,163.0,84.0,4.0,1,0.0,179.0,1.0,0.2,
Jordan Morris,United States,FW,,0,2,0,0,,0,1.0,4.0,25.0,0.0,0,0.0,5.0,0.0,0.0,
Jordan Pickford,England,GK,,5,5,0,0,,0,126.0,160.0,78.8,0.0,0,2.0,169.0,0.0,0.0,
Jordan Veretout,France,MF,,0,1,0,0,,0,33.0,36.0,91.7,2.0,0,2.0,43.0,1.0,0.0,
Jordi Alba,Spain,DF,,2,4,0,2,,0,328.0,372.0,88.2,6.0,3,2.0,392.0,0.0,0.0,
Jorge Eduardo Sánchez,Mexico,DF,,1,2,0,0,,1,69.0,87.0,79.3,1.0,3,8.0,113.0,4.0,0.0,
Josh Sargent,United States,FW,,1,3,0,0,,1,29.0,33.0,87.9,0.0,1,0.0,48.0,4.0,0.4,
Joshua Kimmich,Germany,MF,,3,3,0,0,,4,226.0,267.0,84.6,5.0,3,1.0,301.0,3.0,0.4,
Josip Juranović,Croatia,DF,,6,6,0,1,,0,318.0,405.0,78.5,12.0,3,15.0,450.0,4.0,0.0,
Josip Stanišić,Croatia,DF,,1,1,0,0,,0,36.0,49.0,73.5,3.0,1,0.0,56.0,0.0,0.0,
Josip Šutalo,Croatia,DF,,1,1,0,0,,0,62.0,66.0,93.9,0.0,0,5.0,73.0,0.0,0.0,
José Cifuentes,Ecuador,MF,,0,2,0,0,,1,33.0,44.0,75.0,2.0,0,1.0,52.0,1.0,0.0,
José María Giménez,Uruguay,DF,,3,3,0,0,,0,141.0,174.0,81.0,4.0,7,11.0,213.0,1.0,0.2,
João Cancelo,Portugal,DF,,3,4,0,0,,1,221.0,271.0,81.5,7.0,2,8.0,311.0,1.0,0.0,
João Félix,Portugal,FW,,3,4,1,2,,3,91.0,122.0,74.6,4.0,1,1.0,153.0,0.0,0.9,
João Mário,Portugal,FW,,0,2,0,0,,0,37.0,40.0,92.5,2.0,0,0.0,52.0,0.0,0.0,
João Palhinha,Portugal,MF,,0,3,0,0,,0,26.0,31.0,83.9,2.0,1,1.0,41.0,1.0,0.0,
Joško Gvardiol,Croatia,DF,,7,7,1,0,,1,464.0,519.0,89.4,9.0,11,37.0,601.0,2.0,0.1,
Juan Foyth,Argentina,DF,,0,1,0,0,,0,3.0,4.0,75.0,0.0,0,0.0,5.0,0.0,0.0,
Juan Pablo Vargas,Costa Rica,DF,,1,1,1,0,,2,19.0,24.0,79.2,4.0,2,10.0,41.0,0.0,0.5,
Jude Bellingham,England,MF,,4,5,1,1,,3,235.0,265.0,88.7,16.0,5,0.0,324.0,6.0,0.6,
Jules Koundé,France,DF,,5,6,0,0,,1,252.0,311.0,81.0,11.0,5,8.0,352.0,2.0,0.2,
Julián Álvarez,Argentina,FW,,5,7,4,0,,8,93.0,121.0,76.9,4.0,0,3.0,174.0,7.0,2.6,
Jung Woo-young,Korea Republic,MF,,3,4,0,0,,0,178.0,211.0,84.4,5.0,3,7.0,239.0,2.0,0.0,
Junior Hoilett,Canada,FW,,1,3,0,0,,0,43.0,59.0,72.9,8.0,1,0.0,78.0,2.0,0.1,
Junya Ito,Japan,MF,,3,4,0,1,,1,59.0,97.0,60.8,7.0,5,6.0,134.0,3.0,0.2,
Jurriën Timber,Netherlands,DF,,4,4,0,0,,0,283.0,313.0,90.4,12.0,10,13.0,361.0,2.0,0.0,
Kai Havertz,Germany,FW,,1,2,2,0,,3,27.0,34.0,79.4,1.0,1,0.0,46.0,0.0,1.4,
Kalidou Koulibaly,Senegal,DF,,4,4,1,0,,1,156.0,205.0,76.1,12.0,2,30.0,260.0,1.0,0.5,
Kalvin Phillips,England,MF,,0,2,0,1,,0,17.0,19.0,89.5,0.0,0,1.0,20.0,0.0,0.0,
Kamal Miller,Canada,DF,,3,3,0,0,,0,186.0,205.0,90.7,6.0,4,11.0,229.0,1.0,0.0,
Kamaldeen Sulemana,Ghana,FW,,0,2,0,0,,1,10.0,19.0,52.6,0.0,0,2.0,28.0,1.0,0.1,
Kamil Glik,Poland,DF,,4,4,0,0,,0,118.0,130.0,90.8,2.0,3,23.0,167.0,0.0,0.2,
Kamil Grosicki,Poland,MF,,0,1,0,0,,0,4.0,6.0,66.7,0.0,0,0.0,6.0,0.0,0.0,
Kaoru Mitoma,Japan,MF,,1,4,0,1,,1,50.0,70.0,71.4,7.0,2,5.0,100.0,2.0,0.1,
Karim Ansarifard,IR Iran,FW,,0,2,0,0,,0,4.0,5.0,80.0,0.0,1,0.0,11.0,1.0,0.1,
Karim Boudiaf,Qatar,MF,,2,3,0,0,,0,94.0,106.0,88.7,2.0,0,3.0,122.0,2.0,0.0,
Karl Toko Ekambi,Cameroon,FW,,1,3,0,0,,1,43.0,53.0,81.1,1.0,2,0.0,66.0,4.0,0.2,
Karol Świderski,Poland,FW,,0,1,0,0,,0,7.0,7.0,100.0,4.0,2,0.0,14.0,0.0,0.0,
Kasper Dolberg,Denmark,FW,,1,3,0,0,,1,15.0,18.0,83.3,1.0,0,1.0,34.0,4.0,0.4,
Kasper Schmeichel,Denmark,GK,,3,3,0,0,,0,72.0,87.0,82.8,0.0,0,0.0,91.0,0.0,0.0,
Keanu Baccus,Australia,MF,,1,4,0,0,,0,26.0,41.0,63.4,1.0,2,1.0,59.0,2.0,0.0,
Kellyn Acosta,United States,MF,,0,2,0,0,,0,10.0,12.0,83.3,3.0,0,0.0,16.0,0.0,0.0,
Kendall Waston,Costa Rica,DF,,2,3,0,0,,1,57.0,71.0,80.3,7.0,5,14.0,107.0,1.0,0.2,
Kenneth Taylor,Netherlands,MF,,0,1,0,0,,0,8.0,8.0,100.0,0.0,0,0.0,9.0,0.0,0.0,
Kevin De Bruyne,Belgium,FW,,3,3,0,0,,2,93.0,136.0,68.4,1.0,0,3.0,163.0,4.0,0.2,
Kevin Rodríguez,Ecuador,FW,,0,2,0,0,,1,,,,,0,,,,,
Kevin Álvarez,Mexico,DF,,0,2,0,0,,0,19.0,29.0,65.5,1.0,1,2.0,38.0,1.0,0.0,
Keylor Navas,Costa Rica,GK,,3,3,0,0,,0,61.0,102.0,59.8,1.0,1,2.0,114.0,0.0,0.0,
Keysher Fuller,Costa Rica,DF,,2,3,1,0,,2,44.0,63.0,69.8,4.0,3,9.0,92.0,1.0,0.4,
Kieffer Moore,Wales,FW,,2,3,0,0,,2,36.0,56.0,64.3,1.0,2,7.0,95.0,3.0,1.0,
Kieran Trippier,England,DF,,2,3,0,0,,0,165.0,195.0,84.6,6.0,1,4.0,205.0,1.0,0.0,
Kim Jin-su,Korea Republic,DF,,3,4,0,1,,0,105.0,146.0,71.9,10.0,3,5.0,175.0,0.0,0.3,
Kim Min-jae,Korea Republic,DF,,3,3,0,0,,0,167.0,191.0,87.4,2.0,2,8.0,213.0,0.0,0.1,
Kim Moonhwan,Korea Republic,DF,,4,4,0,0,,0,201.0,242.0,83.1,9.0,4,16.0,289.0,2.0,0.0,
Kim Seung-gyu,Korea Republic,GK,,4,4,0,0,,0,93.0,128.0,72.7,0.0,2,2.0,139.0,0.0,0.0,
Kim Young-gwon,Korea Republic,DF,,3,4,1,0,,1,178.0,209.0,85.2,3.0,3,11.0,232.0,0.0,0.8,
Kingsley Coman,France,FW,,1,6,0,0,,0,56.0,72.0,77.8,3.0,2,1.0,102.0,7.0,0.2,
Ko Itakura,Japan,DF,,3,3,0,1,,1,98.0,111.0,88.3,9.0,4,16.0,150.0,1.0,0.2,
Koke,Spain,MF,,0,2,0,0,,0,56.0,62.0,90.3,1.0,0,0.0,68.0,0.0,0.0,
Kristijan Jakić,Croatia,FW,,0,1,0,0,,0,0.0,0.0,,0.0,0,0.0,0.0,0.0,0.0,
Krystian Bielik,Poland,MF,,2,4,0,0,,0,86.0,99.0,86.9,5.0,5,6.0,129.0,3.0,0.2,
Krzysztof Piątek,Poland,FW,,0,2,0,0,,0,2.0,6.0,33.3,0.0,0,0.0,9.0,1.0,0.0,
Krépin Diatta,Senegal,FW,,2,3,0,0,,1,60.0,73.0,82.2,0.0,0,0.0,88.0,7.0,0.1,
Kudus Mohammed,Ghana,FW,,2,3,2,0,,4,62.0,87.0,71.3,5.0,1,0.0,118.0,6.0,0.8,
Kwon Chang-hoon,Korea Republic,FW,,0,1,0,0,,0,19.0,25.0,76.0,1.0,0,0.0,28.0,1.0,0.0,
Kwon Kyung-won,Korea Republic,DF,,1,2,0,0,,0,39.0,43.0,90.7,0.0,2,5.0,53.0,0.0,0.0,
Kye Rowles,Australia,DF,,4,4,0,0,,0,165.0,187.0,88.2,8.0,7,16.0,231.0,0.0,0.0,
Kyle Walker,England,DF,,2,3,0,0,,0,162.0,181.0,89.5,3.0,3,3.0,198.0,0.0,0.0,
Kylian Mbappé,France,FW,,6,7,8,2,,11,173.0,229.0,75.5,0.0,0,0.0,325.0,10.0,5.2,
Lautaro Martínez,Argentina,FW,,2,6,0,0,,4,46.0,62.0,74.2,0.0,1,0.0,96.0,6.0,1.8,
Lawrence Ati-Zigi,Ghana,GK,,3,3,0,0,,0,54.0,78.0,69.2,0.0,0,0.0,87.0,0.0,0.0,
Leander Dendoncker,Belgium,DF,,1,2,0,0,,0,119.0,122.0,97.5,6.0,0,5.0,142.0,1.0,0.1,
Leandro Paredes,Argentina,MF,,2,5,0,0,,1,230.0,246.0,93.5,10.0,3,4.0,269.0,0.0,0.0,
Leandro Trossard,Belgium,FW,,1,3,0,0,,0,43.0,57.0,75.4,1.0,0,0.0,66.0,1.0,0.0,
Lee Jae-sung,Korea Republic,MF,,2,3,0,0,,0,84.0,97.0,86.6,5.0,3,2.0,116.0,0.0,0.0,
Lee Kangin,Korea Republic,MF,,1,4,0,1,,1,62.0,77.0,80.5,4.0,0,0.0,91.0,3.0,0.2,
Leon Goretzka,Germany,MF,,1,3,0,0,,1,42.0,57.0,73.7,5.0,1,0.0,72.0,2.0,0.5,
Leroy Sané,Germany,FW,,1,2,0,1,,0,47.0,58.0,81.0,1.0,0,1.0,68.0,3.0,0.1,
Liam Millar,Canada,DF,,0,1,0,0,,0,4.0,9.0,44.4,0.0,0,0.0,9.0,0.0,0.0,
Lionel Messi,Argentina,FW,,7,7,7,3,,13,301.0,372.0,80.9,5.0,0,0.0,460.0,24.0,6.6,
Lisandro Martínez,Argentina,DF,,3,5,0,0,,0,133.0,156.0,85.3,6.0,3,14.0,188.0,0.0,0.1,
Lovro Majer,Croatia,MF,,1,7,1,0,,2,78.0,98.0,79.6,3.0,0,2.0,122.0,6.0,0.7,
Loïs Openda,Belgium,FW,,0,1,0,0,,0,3.0,5.0,60.0,1.0,0,0.0,9.0,0.0,0.0,
Lucas Cavallini,Canada,FW,,0,1,0,0,,0,2.0,2.0,100.0,0.0,0,0.0,3.0,0.0,0.0,
Lucas Hernández,France,DF,,0,1,0,0,,0,5.0,10.0,50.0,1.0,0,0.0,10.0,0.0,0.0,
Lucas Paquetá,Brazil,MF,,3,4,1,1,,4,169.0,202.0,83.7,7.0,2,4.0,229.0,4.0,0.8,
Luis Chávez,Mexico,MF,,3,3,1,0,,4,99.0,139.0,71.2,1.0,1,3.0,171.0,2.0,0.3,
Luis Suárez,Uruguay,FW,,1,3,0,1,,1,25.0,40.0,62.5,1.0,0,2.0,52.0,0.0,0.4,
Luka Jović,Serbia,FW,,0,1,0,0,,0,6.0,10.0,60.0,0.0,1,0.0,14.0,1.0,0.1,
Luka Modrić,Croatia,MF,,7,7,0,0,,4,465.0,551.0,84.4,16.0,10,3.0,615.0,7.0,0.4,
Lukas Klostermann,Germany,DF,,0,2,0,0,,0,51.0,52.0,98.1,3.0,0,1.0,56.0,0.0,0.0,
Luke Shaw,England,DF,,4,5,0,1,,1,335.0,400.0,83.8,3.0,4,5.0,419.0,2.0,0.1,
Luuk de Jong,Netherlands,FW,,0,1,0,0,,0,8.0,12.0,66.7,2.0,0,1.0,19.0,2.0,0.1,
Majid Hosseini,IR Iran,DF,,3,3,0,0,,0,86.0,106.0,81.1,7.0,6,11.0,137.0,1.0,0.0,
Manuel Akanji,Switzerland,DF,,4,4,1,0,,1,229.0,259.0,88.4,4.0,3,12.0,287.0,1.0,1.1,
Manuel Neuer,Germany,GK,,3,3,0,0,,0,115.0,127.0,90.6,0.0,0,0.0,133.0,0.0,0.0,
Marcelo Brozović,Croatia,MF,,6,6,0,0,,2,466.0,530.0,87.9,13.0,4,7.0,594.0,8.0,0.5,
Marco Asensio,Spain,FW,,2,4,1,0,,2,89.0,119.0,74.8,1.0,0,0.0,150.0,3.0,1.2,
Marcos Acuña,Argentina,DF,,4,6,0,0,,0,167.0,217.0,77.0,12.0,2,9.0,269.0,4.0,0.1,
Marcos Llorente,Spain,DF,,1,1,0,0,,0,95.0,106.0,89.6,0.0,0,0.0,107.0,0.0,0.0,
Marcus Rashford,England,FW,,1,5,3,0,,6,49.0,66.0,74.2,1.0,1,1.0,92.0,1.0,1.6,
Marcus Thuram,France,FW,,1,5,0,2,,0,27.0,39.0,69.2,3.0,0,2.0,74.0,4.0,0.2,
Mario Götze,Germany,MF,,0,2,0,0,,1,21.0,23.0,91.3,1.0,0,0.0,31.0,0.0,0.1,
Mario Pašalić,Croatia,FW,,3,7,0,0,,0,76.0,95.0,80.0,7.0,3,3.0,132.0,3.0,0.3,
Mark-Anthony Kaye,Canada,MF,,0,1,0,0,,0,51.0,61.0,83.6,2.0,0,0.0,68.0,0.0,0.0,
Marko Grujić,Serbia,MF,,0,1,0,0,,1,14.0,17.0,82.4,1.0,0,1.0,20.0,0.0,0.0,
Marko Livaja,Croatia,FW,,2,6,1,1,,4,35.0,58.0,60.3,2.0,1,1.0,83.0,2.0,0.8,
Marquinhos,Brazil,DF,,4,5,0,0,,0,352.0,368.0,95.7,5.0,2,6.0,392.0,0.0,0.2,
Marten de Roon,Netherlands,MF,,2,5,0,0,,0,97.0,119.0,81.5,7.0,2,6.0,142.0,0.0,0.0,
Martin Braithwaite,Denmark,FW,,1,2,0,0,,0,14.0,20.0,70.0,0.0,0,0.0,24.0,1.0,0.1,
Martin Hongla,Cameroon,MF,,1,2,0,0,,1,49.0,61.0,80.3,0.0,2,3.0,73.0,0.0,0.1,
Martinelli,Brazil,FW,,1,3,0,0,,3,34.0,45.0,75.6,2.0,0,1.0,70.0,2.0,0.5,
Martín Cáceres,Uruguay,DF,,1,1,0,0,,0,68.0,79.0,86.1,0.0,0,2.0,83.0,0.0,0.0,
Mason Mount,England,MF,,2,4,0,0,,1,61.0,73.0,83.6,2.0,0,0.0,91.0,2.0,0.2,
Mateo Kovačić,Croatia,MF,,7,7,0,0,,1,415.0,460.0,90.2,24.0,4,5.0,521.0,7.0,0.3,
Matheus Nunes,Portugal,MF,,0,2,0,0,,0,28.0,33.0,84.8,0.0,0,0.0,39.0,1.0,0.0,
Mathew Leckie,Australia,MF,,3,4,1,1,,1,67.0,103.0,65.0,4.0,1,6.0,157.0,7.0,0.1,
Mathew Ryan,Australia,GK,,4,4,0,0,,0,113.0,164.0,68.9,0.0,0,6.0,176.0,0.0,0.0,
Mathias Jensen,Denmark,MF,,0,2,0,0,,1,52.0,67.0,77.6,1.0,0,0.0,76.0,0.0,0.1,
Mathías Olivera,Uruguay,DF,,2,3,0,0,,0,104.0,133.0,78.2,9.0,2,10.0,178.0,2.0,0.1,
Matt Turner,United States,GK,,4,4,0,0,,0,101.0,128.0,78.9,0.0,0,1.0,137.0,0.0,0.0,
Matthias Ginter,Germany,DF,,0,1,0,0,,0,3.0,3.0,100.0,0.0,0,0.0,3.0,0.0,0.0,
Matthijs de Ligt,Netherlands,DF,,1,2,0,0,,0,41.0,45.0,91.1,0.0,0,4.0,49.0,1.0,0.0,
Matty Cash,Poland,DF,,4,4,0,0,,0,123.0,160.0,76.9,4.0,0,17.0,197.0,2.0,0.0,
Mattéo Guendouzi,France,FW,,0,1,0,0,,0,27.0,33.0,81.8,1.0,0,0.0,36.0,1.0,0.0,
Matías Vecino,Uruguay,MF,,2,3,0,0,,1,76.0,106.0,71.7,4.0,4,1.0,130.0,1.0,0.1,
Matías Viña,Uruguay,DF,,0,2,0,0,,0,11.0,21.0,52.4,4.0,0,0.0,26.0,1.0,0.0,
Maxi Gómez,Uruguay,FW,,0,2,0,0,,1,5.0,7.0,71.4,0.0,0,0.0,9.0,0.0,0.1,
Maya Yoshida,Japan,DF,,4,4,0,1,,0,198.0,232.0,85.3,4.0,3,24.0,277.0,1.0,0.0,
Mehdi Taremi,IR Iran,FW,,3,3,2,1,,1,58.0,78.0,74.4,4.0,2,3.0,123.0,5.0,1.3,
Mehdi Torabi,IR Iran,MF,,0,3,0,0,,0,30.0,37.0,81.1,1.0,2,0.0,48.0,0.0,0.1,
Memphis,Netherlands,FW,,3,5,1,0,,5,93.0,123.0,75.6,1.0,1,0.0,165.0,7.0,1.5,
Meshaal Barsham,Qatar,GK,,2,2,0,0,,0,45.0,63.0,71.4,0.0,0,1.0,69.0,0.0,0.0,
Michael Estrada,Ecuador,FW,,2,3,0,0,,0,28.0,50.0,56.0,1.0,0,0.0,71.0,2.0,0.3,
Michał Skóraś,Poland,MF,,0,1,0,0,,0,8.0,9.0,88.9,0.0,1,0.0,12.0,0.0,0.0,
Michel Aebischer,Switzerland,MF,,0,1,0,0,,0,2.0,4.0,50.0,0.0,0,0.0,4.0,0.0,0.0,
Michy Batshuayi,Belgium,FW,,1,2,1,0,,2,16.0,24.0,66.7,1.0,0,0.0,42.0,4.0,0.8,
Miki Yamane,Japan,DF,,0,1,0,0,,0,24.0,33.0,72.7,1.0,2,0.0,36.0,0.0,0.0,
Mikkel Damsgaard,Denmark,MF,,1,3,0,0,,0,55.0,72.0,76.4,4.0,2,1.0,91.0,2.0,0.0,
Milad Mohammadi,IR Iran,DF,,2,3,0,0,,0,44.0,68.0,64.7,10.0,1,6.0,90.0,2.0,0.0,
Milan Borjan,Canada,GK,,3,3,0,0,,0,76.0,98.0,77.6,0.0,0,2.0,105.0,0.0,0.0,
Miloš Degenek,Australia,DF,,2,4,0,0,,0,67.0,101.0,66.3,6.0,1,9.0,123.0,1.0,0.0,
Miloš Veljković,Serbia,DF,,2,3,0,0,,0,98.0,112.0,87.5,4.0,0,7.0,127.0,0.0,0.0,
Mislav Oršić,Croatia,FW,,1,6,1,2,,2,40.0,54.0,74.1,3.0,0,1.0,81.0,0.0,0.4,
Mitchell Duke,Australia,FW,,3,4,1,0,,4,36.0,63.0,57.1,0.0,2,1.0,96.0,1.0,0.4,
Mohamed Ali Ben Romdhane,Tunisia,MF,,0,1,0,0,,0,14.0,21.0,66.7,5.0,0,0.0,31.0,5.0,0.0,
Mohamed Dräger,Tunisia,DF,,1,2,0,0,,0,36.0,50.0,72.0,5.0,1,4.0,70.0,0.0,0.2,
Mohamed Kanno,Saudi Arabia,MF,,3,3,0,0,,1,119.0,147.0,81.0,6.0,2,7.0,184.0,1.0,0.3,
Mohammed Al-Breik,Saudi Arabia,DF,,0,2,0,0,,1,39.0,48.0,81.3,1.0,1,4.0,57.0,0.0,0.4,
Mohammed Al-Owais,Saudi Arabia,GK,,3,3,0,0,,0,57.0,100.0,57.0,0.0,0,4.0,113.0,0.0,0.0,
Mohammed Muntari,Qatar,FW,,0,3,1,0,,1,17.0,19.0,89.5,2.0,0,2.0,28.0,0.0,0.2,
Mohammed Salisu,Ghana,DF,,3,3,1,0,,1,109.0,151.0,72.2,2.0,3,17.0,184.0,1.0,0.8,
Mohammed Waad,Qatar,MF,,0,2,0,0,,0,9.0,12.0,75.0,0.0,1,1.0,16.0,0.0,0.0,
Moisés Caicedo,Ecuador,MF,,3,3,1,0,,1,126.0,153.0,82.4,6.0,2,2.0,173.0,1.0,0.5,
Montassar Talbi,Tunisia,DF,,3,3,0,0,,1,118.0,137.0,86.1,2.0,2,18.0,177.0,1.0,0.0,
Morteza Pouraliganji,IR Iran,DF,,3,3,0,0,,0,92.0,128.0,71.9,2.0,6,10.0,156.0,0.0,0.1,
Moumi Ngamaleu,Cameroon,FW,,1,2,0,0,,0,21.0,25.0,84.0,3.0,0,0.0,34.0,3.0,0.0,
Munir,Morocco,GK,,1,1,0,0,,0,19.0,28.0,67.9,0.0,0,0.0,31.0,0.0,0.0,
Musab Kheder,Qatar,DF,,0,1,0,0,,0,3.0,3.0,100.0,1.0,0,0.0,5.0,0.0,0.0,
Na Sang-ho,Korea Republic,FW,,1,2,0,0,,1,24.0,37.0,64.9,4.0,0,2.0,60.0,4.0,0.0,
Nader Ghandri,Tunisia,DF,,1,1,0,0,,0,27.0,33.0,81.8,2.0,1,4.0,45.0,0.0,0.0,
Nahuel Molina,Argentina,DF,,6,7,1,1,,1,291.0,358.0,81.3,8.0,3,11.0,398.0,3.0,0.5,
Nampalys Mendy,Senegal,MF,,3,4,0,0,,0,141.0,159.0,88.7,4.0,3,3.0,182.0,0.0,0.1,
Nasser Al-Dawsari,Saudi Arabia,FW,,0,1,0,0,,0,11.0,11.0,100.0,2.0,0,0.0,13.0,1.0,0.0,
Nathan Aké,Netherlands,DF,,5,5,0,0,,0,315.0,349.0,90.3,6.0,8,20.0,393.0,0.0,0.0,
Nathaniel Atkinson,Australia,DF,,0,1,0,0,,0,27.0,34.0,79.4,4.0,1,2.0,43.0,3.0,0.0,
Nawaf Al Abed,Saudi Arabia,MF,,1,2,0,0,,0,33.0,39.0,84.6,0.0,1,0.0,51.0,5.0,0.1,
Nayef Aguerd,Morocco,DF,,3,4,0,0,,0,137.0,158.0,86.7,4.0,4,12.0,185.0,0.0,0.2,
Naïm Sliti,Tunisia,MF,,1,2,0,0,,0,29.0,51.0,56.9,3.0,0,1.0,67.0,1.0,0.1,
Neco Williams,Wales,DF,,2,3,0,0,,0,69.0,101.0,68.3,5.0,4,5.0,138.0,2.0,0.1,
Nemanja Gudelj,Serbia,MF,,1,2,0,0,,0,44.0,52.0,84.6,2.0,2,1.0,59.0,2.0,0.0,
Nemanja Maksimović,Serbia,MF,,1,3,0,0,,0,50.0,57.0,87.7,4.0,3,3.0,75.0,1.0,0.0,
Nemanja Radonjić,Serbia,DF,,0,3,0,0,,0,15.0,24.0,62.5,0.0,0,1.0,36.0,1.0,0.1,
Neymar,Brazil,MF,,3,3,2,0,,6,121.0,153.0,79.1,1.0,1,0.0,203.0,12.0,2.7,
Niclas Füllkrug,Germany,FW,,0,3,2,1,,3,15.0,24.0,62.5,0.0,0,0.0,38.0,0.0,2.2,
Nico Elvedi,Switzerland,DF,,2,2,0,0,,0,131.0,142.0,92.3,2.0,1,13.0,165.0,0.0,0.1,
Nico Schlotterbeck,Germany,DF,,1,2,0,0,,0,110.0,123.0,89.4,4.0,1,1.0,135.0,1.0,0.0,
Nico Williams,Spain,FW,,1,4,0,0,,0,50.0,63.0,79.4,4.0,0,0.0,88.0,2.0,0.1,
Nicola Zalewski,Poland,MF,,0,2,0,0,,0,15.0,17.0,88.2,4.0,0,0.0,29.0,1.0,0.0,
Nicolas Jackson,Senegal,FW,,0,1,0,0,,0,9.0,10.0,90.0,0.0,0,0.0,11.0,0.0,0.0,
Nicolas Nkoulou,Cameroon,DF,,2,2,0,1,,1,79.0,91.0,86.8,2.0,5,8.0,115.0,0.0,0.3,
Nicolás De La Cruz,Uruguay,MF,,0,2,0,0,,1,20.0,25.0,80.0,0.0,0,0.0,28.0,1.0,0.0,
Nicolás Otamendi,Argentina,DF,,7,7,0,1,,0,532.0,577.0,92.2,10.0,9,24.0,639.0,1.0,0.0,
Nicolás Tagliafico,Argentina,DF,,4,6,0,0,,1,145.0,178.0,81.5,7.0,9,9.0,220.0,1.0,1.0,
Niklas Süle,Germany,DF,,3,3,0,0,,0,231.0,255.0,90.6,5.0,0,7.0,268.0,1.0,0.1,
Nikola Milenković,Serbia,DF,,3,3,0,0,,0,141.0,163.0,86.5,10.0,6,10.0,198.0,0.0,0.2,
Nikola Vlašić,Croatia,FW,,2,6,0,0,,1,45.0,55.0,81.8,1.0,1,0.0,80.0,6.0,0.4,
Noa Lang,Netherlands,MF,,0,1,0,0,,0,1.0,3.0,33.3,0.0,1,1.0,5.0,0.0,0.0,
Noah Okafor,Switzerland,FW,,0,3,0,0,,0,17.0,22.0,77.3,0.0,0,0.0,29.0,1.0,0.0,
Nouhou Tolo,Cameroon,DF,,3,3,0,0,,0,83.0,109.0,76.1,8.0,6,10.0,145.0,0.0,0.0,
Noussair Mazraoui,Morocco,DF,,4,5,0,0,,2,98.0,121.0,81.0,14.0,1,16.0,175.0,1.0,0.2,
Nuno Mendes,Portugal,DF,,0,1,0,0,,0,29.0,32.0,90.6,0.0,2,0.0,36.0,0.0,0.0,
Néstor Araujo,Mexico,DF,,1,1,0,0,,0,44.0,53.0,83.0,1.0,3,1.0,62.0,1.0,0.0,
Olivier Giroud,France,FW,,4,6,4,0,,6,48.0,74.0,64.9,1.0,1,5.0,111.0,1.0,3.4,
Olivier Ntcham,Cameroon,MF,,0,1,0,0,,1,11.0,12.0,91.7,0.0,0,1.0,14.0,0.0,0.0,
Orbelín Pineda,Mexico,MF,,0,1,0,0,,1,18.0,25.0,72.0,4.0,0,0.0,46.0,3.0,0.3,
Osman Bukari,Ghana,MF,,0,2,1,0,,1,14.0,20.0,70.0,0.0,1,1.0,29.0,1.0,0.5,
Otávio,Portugal,MF,,2,3,0,0,,2,98.0,127.0,77.2,7.0,1,1.0,145.0,3.0,0.1,
Ousmane Dembélé,France,FW,,4,7,0,2,,2,144.0,191.0,75.4,11.0,3,0.0,241.0,6.0,0.5,
Pablo Sarabia,Spain,FW,,0,1,0,0,,0,2.0,5.0,40.0,0.0,0,0.0,6.0,0.0,0.1,
Paik Seung-ho,Korea Republic,MF,,0,1,1,0,,1,20.0,27.0,74.1,3.0,0,0.0,30.0,0.0,0.0,
Pape Abou Cissé,Senegal,DF,,1,3,0,0,,0,28.0,37.0,75.7,0.0,2,6.0,49.0,0.0,0.0,
Pape Gueye,Senegal,MF,,1,3,0,0,,2,45.0,62.0,72.6,4.0,2,2.0,81.0,3.0,0.1,
Pape Matar Sarr,Senegal,MF,,0,2,0,0,,0,36.0,43.0,83.7,3.0,0,2.0,54.0,2.0,0.1,
Papu Gómez,Argentina,MF,,1,2,0,0,,0,53.0,60.0,88.3,2.0,1,0.0,69.0,1.0,0.0,
Pathé Ciss,Senegal,MF,,1,3,0,0,,0,46.0,57.0,80.7,3.0,2,4.0,74.0,1.0,0.0,
Pau Torres,Spain,DF,,1,1,0,0,,0,174.0,191.0,91.1,0.0,0,2.0,194.0,0.0,0.0,
Paulo Dybala,Argentina,FW,,0,2,0,0,,0,8.0,12.0,66.7,3.0,0,1.0,20.0,1.0,0.0,
Pedri,Spain,MF,,4,4,0,0,,0,393.0,434.0,90.6,4.0,4,3.0,462.0,5.0,0.0,
Pedro,Brazil,FW,,0,2,0,0,,1,10.0,13.0,76.9,2.0,1,0.0,25.0,1.0,0.5,
Pepe,Portugal,DF,,4,4,1,0,,1,243.0,295.0,82.4,5.0,6,11.0,330.0,1.0,0.4,
Pervis Estupiñán,Ecuador,DF,,3,3,0,0,,1,148.0,190.0,77.9,6.0,3,6.0,217.0,4.0,0.1,
Phil Foden,England,FW,,2,4,1,2,,1,90.0,117.0,76.9,1.0,1,0.0,143.0,1.0,1.1,
Piero Hincapié,Ecuador,DF,,3,3,0,0,,0,168.0,200.0,84.0,7.0,2,9.0,227.0,0.0,0.0,
Pierre Højbjerg,Denmark,MF,,3,3,0,0,,1,200.0,224.0,89.3,4.0,3,6.0,249.0,2.0,0.0,
Pierre Kunde,Cameroon,MF,,1,2,0,0,,2,38.0,49.0,77.6,4.0,4,4.0,70.0,3.0,0.2,
Piotr Zieliński,Poland,MF,,3,4,1,0,,2,124.0,153.0,81.0,7.0,1,7.0,178.0,1.0,0.6,
Przemysław Frankowski,Poland,MF,,2,4,0,0,,0,49.0,74.0,66.2,7.0,3,5.0,97.0,3.0,0.0,
Rafael Leão,Portugal,FW,,1,5,2,0,,2,32.0,47.0,68.1,0.0,1,0.0,63.0,2.0,0.4,
Raheem Sterling,England,FW,,1,3,1,1,,1,45.0,55.0,81.8,1.0,1,0.0,68.0,3.0,0.4,
Ramin Rezaeian,IR Iran,DF,,2,2,1,0,,1,73.0,105.0,69.5,7.0,3,2.0,130.0,3.0,0.3,
Randal Kolo Muani,France,FW,,2,3,1,0,,2,25.0,44.0,56.8,7.0,1,1.0,76.0,6.0,1.1,
Raphaël Guerreiro,Portugal,DF,,3,4,1,2,,1,156.0,185.0,84.3,3.0,3,2.0,207.0,1.0,0.4,
Raphaël Varane,France,DF,,5,6,0,0,,0,256.0,286.0,89.5,1.0,6,15.0,322.0,0.0,0.3,
Raphinha,Brazil,FW,,3,5,0,1,,6,111.0,150.0,74.0,8.0,3,0.0,189.0,4.0,1.2,
Rasmus Nissen,Denmark,DF,,2,3,0,0,,0,137.0,179.0,76.5,8.0,1,7.0,204.0,3.0,0.0,
Raúl Jiménez,Mexico,FW,,0,3,0,0,,0,20.0,32.0,62.5,0.0,1,1.0,37.0,0.0,0.0,
Remo Freuler,Switzerland,MF,,3,4,1,0,,1,127.0,154.0,82.5,8.0,3,3.0,197.0,0.0,0.5,
Renato Steffen,Switzerland,FW,,0,1,0,0,,0,13.0,15.0,86.7,0.0,0,0.0,19.0,2.0,0.0,
Ricardo Horta,Portugal,FW,,1,3,1,0,,2,31.0,46.0,67.4,2.0,1,0.0,55.0,0.0,0.8,
Ricardo Rodríguez,Switzerland,DF,,4,4,0,0,,0,164.0,229.0,71.6,7.0,0,8.0,247.0,3.0,0.0,
Richarlison,Brazil,FW,,3,4,3,0,,4,40.0,58.0,69.0,2.0,1,4.0,97.0,3.0,2.1,
Richie Laryea,Canada,DF,,1,3,0,0,,0,35.0,47.0,74.5,3.0,0,3.0,73.0,1.0,0.1,
Riley McGree,Australia,FW,,2,4,0,1,,1,57.0,75.0,76.0,2.0,5,3.0,107.0,2.0,0.1,
Ritsu Doan,Japan,FW,,2,4,2,0,,3,36.0,56.0,64.3,6.0,3,2.0,95.0,3.0,0.5,
Riyadh Sharahili,Saudi Arabia,MF,,0,1,0,0,,0,14.0,17.0,82.4,0.0,2,4.0,28.0,1.0,0.0,
Roan Wilson,Costa Rica,MF,,0,1,0,0,,0,4.0,4.0,100.0,0.0,0,1.0,8.0,0.0,0.0,
Robert Lewandowski,Poland,FW,,4,4,2,1,,2,61.0,91.0,67.0,2.0,1,8.0,153.0,6.0,2.9,
Robert Skov,Denmark,DF,,0,1,0,0,,0,17.0,21.0,81.0,0.0,0,0.0,24.0,0.0,0.0,
Roberto Alvarado,Mexico,FW,,0,1,0,0,,0,5.0,10.0,50.0,0.0,0,0.0,12.0,0.0,0.0,
Rodri,Spain,DF,,4,4,0,0,,0,642.0,689.0,93.2,5.0,3,9.0,710.0,0.0,0.0,
Rodrigo Bentancur,Uruguay,MF,,2,3,0,0,,1,136.0,160.0,85.0,9.0,7,5.0,197.0,3.0,0.6,
Rodrigo De Paul,Argentina,MF,,6,7,0,0,,3,470.0,562.0,83.6,11.0,7,3.0,625.0,7.0,0.9,
Rodrygo,Brazil,MF,,2,5,0,1,,2,91.0,113.0,80.5,4.0,2,1.0,152.0,3.0,0.4,
Rogelio Funes Mori,Mexico,FW,,0,1,0,0,,0,0.0,0.0,,1.0,0,0.0,2.0,0.0,0.1,
Romain Saïss,Morocco,DF,,5,6,1,0,,1,159.0,199.0,79.9,5.0,3,30.0,248.0,0.0,0.8,
Romario Ibarra,Ecuador,MF,,0,2,0,0,,1,10.0,14.0,71.4,0.0,1,2.0,23.0,1.0,0.1,
Romelu Lukaku,Belgium,FW,,0,2,0,0,,2,6.0,9.0,66.7,0.0,0,1.0,16.0,1.0,1.7,
Roozbeh Cheshmi,IR Iran,DF,,0,2,1,0,,1,7.0,11.0,63.6,0.0,2,3.0,19.0,0.0,0.1,
Ruben Vargas,Switzerland,FW,,3,4,0,1,,1,80.0,117.0,68.4,0.0,1,4.0,140.0,1.0,0.3,
Rubin Colwill,Wales,MF,,0,1,0,0,,0,2.0,4.0,50.0,0.0,0,0.0,6.0,0.0,0.0,
Ró-Ró,Qatar,DF,,2,3,0,0,,0,78.0,108.0,72.2,6.0,8,3.0,134.0,2.0,0.1,
Rónald Matarrita,Costa Rica,DF,,0,2,0,0,,0,18.0,29.0,62.1,0.0,0,0.0,30.0,0.0,0.0,
Rúben Dias,Portugal,DF,,4,4,0,0,,0,248.0,274.0,90.5,4.0,3,9.0,293.0,1.0,0.0,
Rúben Neves,Portugal,MF,,3,5,0,0,,0,235.0,257.0,91.4,2.0,3,5.0,275.0,1.0,0.1,
Saad Al Sheeb,Qatar,GK,,1,1,0,0,,0,18.0,20.0,90.0,0.0,0,0.0,22.0,0.0,0.0,
Sadegh Moharrami,IR Iran,DF,,1,1,0,0,,0,18.0,26.0,69.2,1.0,1,3.0,32.0,2.0,0.0,
Saeid Ezatolahi,IR Iran,MF,,2,3,0,0,,1,66.0,88.0,75.0,6.0,2,4.0,115.0,0.0,0.1,
Saleh Al-Shehri,Saudi Arabia,FW,,2,3,1,0,,2,29.0,47.0,61.7,3.0,0,2.0,73.0,1.0,0.1,
Salem Al-Dawsari,Saudi Arabia,MF,,3,3,2,0,,4,86.0,111.0,77.5,5.0,1,2.0,146.0,6.0,1.8,
Salis Abdul Samed,Ghana,MF,,2,3,0,0,,0,129.0,145.0,89.0,2.0,4,8.0,169.0,2.0,0.0,
Salman Al-Faraj,Saudi Arabia,MF,,0,1,0,0,,0,12.0,16.0,75.0,1.0,0,0.0,19.0,2.0,0.0,
Sam Adekugbe,Canada,DF,,1,3,0,0,,0,63.0,71.0,88.7,0.0,1,1.0,77.0,0.0,0.0,
Saman Ghoddos,IR Iran,MF,,0,1,0,0,,0,15.0,20.0,75.0,1.0,0,0.0,24.0,1.0,0.2,
Sami Al-Najei,Saudi Arabia,MF,,0,1,0,0,,0,13.0,21.0,61.9,0.0,0,0.0,25.0,1.0,0.0,
Samuel Oum Gouet,Cameroon,MF,,1,2,0,0,,0,52.0,59.0,88.1,1.0,0,3.0,65.0,0.0,0.0,
Sardar Azmoun,IR Iran,FW,,1,3,0,0,,3,18.0,30.0,60.0,0.0,0,1.0,40.0,0.0,0.9,
Saud Abdulhamid,Saudi Arabia,DF,,3,3,0,0,,0,88.0,122.0,72.1,5.0,2,6.0,150.0,1.0,0.0,
Saša Lukić,Serbia,MF,,2,3,0,0,,0,143.0,162.0,88.3,2.0,1,5.0,182.0,2.0,0.1,
Sebastian Szymański,Poland,MF,,1,2,0,0,,0,26.0,41.0,63.4,6.0,2,1.0,61.0,2.0,0.0,
Sebastián Coates,Uruguay,DF,,2,2,0,0,,0,76.0,93.0,81.7,1.0,1,6.0,107.0,2.0,0.1,
Selim Amallah,Morocco,MF,,4,7,0,0,,0,65.0,87.0,74.7,13.0,8,3.0,145.0,5.0,0.2,
Serge Gnabry,Germany,FW,,2,3,1,1,,4,86.0,118.0,72.9,5.0,2,3.0,148.0,7.0,1.1,
Sergej Milinković-Savić,Serbia,MF,,2,3,1,0,,1,87.0,120.0,72.5,5.0,2,5.0,158.0,2.0,0.2,
Sergio Busquets,Spain,MF,,4,4,0,0,,0,261.0,289.0,90.3,7.0,1,1.0,309.0,2.0,0.1,
Sergio Rochet,Uruguay,GK,,3,3,0,0,,0,54.0,78.0,69.2,0.0,0,1.0,88.0,0.0,0.0,
Sergiño Dest,United States,DF,,3,4,0,1,,0,172.0,200.0,86.0,4.0,2,7.0,250.0,8.0,0.2,
Shaquell Moore,United States,DF,,0,2,0,0,,0,14.0,21.0,66.7,2.0,0,3.0,27.0,0.0,0.0,
Shogo Taniguchi,Japan,DF,,2,2,0,0,,0,72.0,85.0,84.7,1.0,1,10.0,105.0,0.0,0.2,
Shūichi Gonda,Japan,GK,,4,4,0,0,,0,68.0,113.0,60.2,0.0,0,1.0,124.0,0.0,0.0,
Silvan Widmer,Switzerland,DF,,2,3,0,1,,0,127.0,169.0,75.1,10.0,2,15.0,208.0,6.0,0.0,
Simon Kjær,Denmark,DF,,0,1,0,0,,0,50.0,59.0,84.7,0.0,5,2.0,68.0,0.0,0.0,
Sofiane Boufal,Morocco,FW,,5,7,0,0,,1,99.0,133.0,74.4,11.0,2,1.0,199.0,5.0,0.3,
Sofyan Amrabat,Morocco,MF,,7,7,0,0,,0,269.0,322.0,83.5,16.0,6,10.0,383.0,3.0,0.0,
Son Heung-min,Korea Republic,FW,,4,4,0,1,,3,77.0,115.0,67.0,5.0,2,0.0,158.0,6.0,0.4,
Son Jun-ho,Korea Republic,MF,,0,3,0,0,,0,55.0,59.0,93.2,3.0,3,0.0,68.0,0.0,0.0,
Sorba Thomas,Wales,MF,,0,1,0,0,,0,3.0,4.0,75.0,1.0,0,0.0,6.0,1.0,0.0,
Srđan Babić,Serbia,DF,,0,1,0,0,,0,10.0,16.0,62.5,1.0,0,1.0,16.0,0.0,0.0,
Stefan Mitrović,Serbia,DF,,0,1,0,0,,0,18.0,21.0,85.7,0.0,0,0.0,22.0,0.0,0.0,
Stephen Eustáquio,Canada,MF,,1,2,0,0,,0,83.0,93.0,89.2,4.0,2,6.0,109.0,2.0,0.2,
Steve Mandanda,France,GK,,1,1,0,0,,0,19.0,31.0,61.3,0.0,0,0.0,32.0,0.0,0.0,
Steven Berghuis,Netherlands,MF,,2,4,0,1,,0,97.0,131.0,74.0,2.0,0,0.0,141.0,1.0,0.3,
Steven Bergwijn,Netherlands,FW,,2,4,0,0,,0,64.0,72.0,88.9,1.0,0,0.0,85.0,2.0,0.5,
Steven Vitória,Canada,DF,,3,3,0,0,,0,160.0,186.0,86.0,3.0,0,7.0,203.0,1.0,0.0,
Strahinja Pavlović,Serbia,DF,,2,3,1,0,,1,121.0,156.0,77.6,7.0,1,7.0,186.0,3.0,0.2,
Sultan Al-Ghanam,Saudi Arabia,DF,,1,3,0,0,,0,34.0,52.0,65.4,0.0,2,3.0,68.0,1.0,0.2,
Taha Yassine Khenissi,Tunisia,FW,,0,2,0,0,,0,2.0,6.0,33.3,0.0,0,0.0,8.0,2.0,0.0,
Tajon Buchanan,Canada,MF,,2,3,0,1,,0,61.0,89.0,68.5,1.0,3,0.0,131.0,7.0,0.9,
Takefusa Kubo,Japan,FW,,1,2,0,0,,0,6.0,11.0,54.5,1.0,0,0.0,23.0,1.0,0.0,
Takehiro Tomiyasu,Japan,DF,,2,3,0,0,,0,73.0,103.0,70.9,0.0,0,7.0,118.0,0.0,0.0,
Takuma Asano,Japan,FW,,1,4,1,0,,2,21.0,28.0,75.0,0.0,1,1.0,49.0,1.0,0.7,
Takumi Minamino,Japan,FW,,0,3,0,0,,1,14.0,22.0,63.6,2.0,0,1.0,32.0,2.0,0.1,
Tarek Salman,Qatar,DF,,0,1,0,0,,0,7.0,10.0,70.0,1.0,1,0.0,14.0,0.0,0.0,
Tariq Lamptey,Ghana,DF,,1,2,0,0,,0,21.0,34.0,61.8,3.0,1,4.0,50.0,1.0,0.1,
Teun Koopmeiners,Netherlands,MF,,2,5,0,1,,1,90.0,119.0,75.6,10.0,4,4.0,149.0,4.0,0.1,
Theo Hernández,France,DF,,5,6,1,2,,2,289.0,339.0,85.3,16.0,4,8.0,383.0,5.0,0.4,
Thiago Almada,Argentina,MF,,0,1,0,0,,0,13.0,13.0,100.0,0.0,0,0.0,15.0,0.0,0.0,
Thiago Silva,Brazil,DF,,4,4,0,1,,0,322.0,344.0,93.6,3.0,5,6.0,368.0,0.0,0.2,
Thibaut Courtois,Belgium,GK,,3,3,0,0,,0,108.0,123.0,87.8,0.0,0,0.0,129.0,0.0,0.0,
Thilo Kehrer,Germany,DF,,0,1,0,0,,0,22.0,29.0,75.9,6.0,3,2.0,43.0,0.0,0.0,
Thomas Delaney,Denmark,MF,,0,1,0,0,,0,24.0,29.0,82.8,1.0,0,1.0,31.0,0.0,0.0,
Thomas Meunier,Belgium,DF,,2,3,0,0,,1,110.0,147.0,74.8,6.0,2,5.0,167.0,1.0,0.2,
Thomas Müller,Germany,FW,,2,3,0,0,,0,56.0,78.0,71.8,2.0,1,0.0,91.0,2.0,0.3,
Thomas Partey,Ghana,MF,,3,3,0,0,,0,146.0,176.0,83.0,9.0,0,8.0,220.0,4.0,0.2,
Thorgan Hazard,Belgium,FW,,1,2,0,0,,0,40.0,58.0,69.0,3.0,0,0.0,66.0,0.0,0.0,
Tim Ream,United States,DF,,4,4,0,0,,0,245.0,276.0,88.8,4.0,4,12.0,305.0,0.0,0.3,
Timothy Castagne,Belgium,DF,,3,3,0,0,,0,176.0,202.0,87.1,7.0,2,4.0,229.0,0.0,0.0,
Timothy Weah,United States,FW,,3,4,1,0,,3,90.0,108.0,83.3,0.0,0,0.0,132.0,5.0,0.6,
Toby Alderweireld,Belgium,DF,,3,3,0,1,,0,248.0,273.0,90.8,4.0,0,19.0,303.0,0.0,0.0,
Trent Alexander-Arnold,England,DF,,0,1,0,0,,0,21.0,23.0,91.3,0.0,0,0.0,24.0,0.0,0.0,
Tyler Adams,United States,MF,,4,4,0,0,,0,241.0,271.0,88.9,11.0,4,6.0,307.0,3.0,0.0,
Unai Simón,Spain,GK,,4,4,0,0,,0,150.0,160.0,93.8,0.0,0,2.0,167.0,0.0,0.0,
Uriel Antuna,Mexico,FW,,0,3,0,0,,1,12.0,20.0,60.0,4.0,0,0.0,33.0,0.0,0.2,
Vanja Milinković-Savić,Serbia,GK,,3,3,0,0,,0,90.0,125.0,72.0,0.0,1,2.0,136.0,0.0,0.0,
Victor Nelsson,Denmark,DF,,1,1,0,0,,0,69.0,74.0,93.2,0.0,2,1.0,79.0,0.0,0.0,
Vincent Aboubakar,Cameroon,FW,,1,3,2,1,,3,20.0,31.0,64.5,0.0,0,4.0,50.0,0.0,0.6,
Vincent Janssen,Netherlands,FW,,1,2,0,0,,0,16.0,20.0,80.0,2.0,0,1.0,32.0,1.0,0.1,
Vinicius Júnior,Brazil,FW,,3,4,1,2,,4,68.0,90.0,75.6,3.0,0,0.0,132.0,11.0,1.0,
Virgil van Dijk,Netherlands,DF,,5,5,0,0,,0,311.0,356.0,87.4,2.0,4,21.0,399.0,0.0,0.2,
Vitinha,Portugal,MF,,1,3,0,0,,2,100.0,108.0,92.6,3.0,1,1.0,118.0,1.0,0.1,
Wahbi Khazri,Tunisia,FW,,0,2,1,0,,3,13.0,20.0,65.0,2.0,0,0.0,36.0,2.0,0.4,
Wajdi Kechrida,Tunisia,DF,,1,3,0,0,,0,44.0,69.0,63.8,3.0,0,4.0,77.0,3.0,0.0,
Walid Cheddira,Morocco,FW,,0,2,0,0,,1,4.0,8.0,50.0,1.0,0,2.0,18.0,0.0,0.5,
Walker Zimmerman,United States,DF,,3,4,0,0,,0,217.0,244.0,88.9,3.0,4,15.0,274.0,0.0,0.1,
Wataru Endo,Japan,MF,,3,4,0,0,,1,155.0,192.0,80.7,8.0,3,6.0,239.0,5.0,0.2,
Wayne Hennessey,Wales,GK,,1,2,0,0,,0,50.0,66.0,75.8,0.0,0,0.0,68.0,0.0,0.0,
Weston McKennie,United States,MF,,3,4,0,0,,1,117.0,153.0,76.5,2.0,0,5.0,177.0,3.0,0.4,
William Carvalho,Portugal,MF,,2,4,0,0,,0,156.0,170.0,91.8,6.0,0,3.0,182.0,0.0,0.1,
William Saliba,France,DF,,0,1,0,0,,0,37.0,37.0,100.0,0.0,0,0.0,38.0,0.0,0.0,
Wojciech Szczęsny,Poland,GK,,4,4,0,0,,0,84.0,142.0,59.2,0.0,0,4.0,159.0,0.0,0.0,
Wout Weghorst,Netherlands,FW,,0,4,2,0,,2,9.0,15.0,60.0,0.0,0,1.0,22.0,0.0,0.2,
Wéverton,Brazil,GK,,0,1,0,0,,0,3.0,5.0,60.0,0.0,0,0.0,5.0,0.0,0.0,
Xavi Simons,Netherlands,FW,,0,1,0,0,,0,6.0,10.0,60.0,1.0,0,0.0,11.0,0.0,0.0,
Xherdan Shaqiri,Switzerland,FW,,2,3,1,1,,2,67.0,104.0,64.4,0.0,0,0.0,111.0,5.0,0.3,
Yahya Attiat Allah,Morocco,DF,,3,6,0,1,,0,98.0,137.0,71.5,4.0,0,15.0,167.0,2.0,0.2,
Yahya Jabrane,Morocco,MF,,0,2,0,0,,0,,,,,0,,,,,
Yann Sommer,Switzerland,GK,,3,3,0,0,,0,108.0,118.0,91.5,0.0,0,0.0,126.0,0.0,0.0,
Yannick Carrasco,Belgium,FW,,1,2,0,0,,0,39.0,46.0,84.8,5.0,1,4.0,68.0,2.0,0.3,
Yasser Al-Shahrani,Saudi Arabia,DF,,1,1,0,0,,0,13.0,29.0,44.8,3.0,6,6.0,43.0,0.0,0.0,
Yassine Bounou,Morocco,GK,,6,6,0,0,,0,154.0,209.0,73.7,0.0,0,5.0,219.0,0.0,0.0,
Yassine Meriah,Tunisia,DF,,3,3,0,0,,0,139.0,171.0,81.3,4.0,1,20.0,208.0,0.0,0.1,
Yeltsin Tejeda,Costa Rica,MF,,3,3,1,1,,2,78.0,99.0,78.8,4.0,1,7.0,128.0,2.0,0.4,
Youri Tielemans,Belgium,MF,,1,3,0,0,,0,53.0,64.0,82.8,3.0,2,0.0,77.0,0.0,0.0,
Youssef En-Nesyri,Morocco,FW,,6,7,2,0,,3,50.0,81.0,61.7,3.0,1,11.0,127.0,1.0,1.2,
Youssef Msakni,Tunisia,MF,,1,2,0,0,,2,50.0,69.0,72.5,3.0,0,1.0,95.0,5.0,0.5,
Youssouf Fofana,France,MF,,2,6,0,0,,0,96.0,112.0,85.7,8.0,3,0.0,138.0,3.0,0.2,
Youssouf Sabaly,Senegal,DF,,4,4,0,0,,1,189.0,219.0,86.3,6.0,4,9.0,253.0,1.0,0.0,
Youssoufa Moukoko,Germany,FW,,0,1,0,0,,0,1.0,2.0,50.0,0.0,0,0.0,2.0,0.0,0.0,
Youstin Salas,Costa Rica,DF,,0,2,0,0,,0,15.0,19.0,78.9,5.0,0,1.0,27.0,1.0,0.0,
Yuki Soma,Japan,FW,,0,1,0,0,,0,11.0,19.0,57.9,2.0,0,0.0,26.0,0.0,0.2,
Yunus Musah,United States,MF,,3,4,0,0,,1,151.0,182.0,83.0,8.0,2,1.0,221.0,3.0,0.3,
Yuto Nagatomo,Japan,MF,,2,4,0,0,,0,78.0,109.0,71.6,4.0,0,3.0,123.0,1.0,0.0,
Zakaria Aboukhlal,Morocco,FW,,0,4,1,0,,2,7.0,14.0,50.0,1.0,1,1.0,26.0,0.0,1.0,
Álvaro Morata,Spain,FW,,2,4,3,1,,5,28.0,41.0,68.3,1.0,0,2.0,58.0,5.0,1.4,
Álvaro Zamora,Costa Rica,MF,,0,1,0,0,,0,5.0,5.0,100.0,2.0,1,0.0,9.0,1.0,0.0,
Ángel Correa,Argentina,MF,,0,1,0,0,,0,3.0,3.0,100.0,1.0,0,1.0,6.0,0.0,0.0,
Ángel Di María,Argentina,MF,,3,5,1,1,,3,130.0,168.0,77.4,3.0,1,0.0,201.0,6.0,0.8,
Ángelo Preciado,Ecuador,DF,,2,3,0,1,,0,94.0,129.0,72.9,7.0,6,4.0,162.0,2.0,0.1,
Éder Militão,Brazil,DF,,3,4,0,0,,1,251.0,277.0,90.6,7.0,3,5.0,306.0,1.0,0.2,
Óscar Duarte,Costa Rica,DF,,3,3,0,0,,0,68.0,98.0,69.4,4.0,6,15.0,132.0,0.0,0.0,
İlkay Gündoğan,Germany,MF,,2,3,1,0,,2,150.0,168.0,89.3,3.0,1,1.0,187.0,1.0,1.1,
