player_id,team_id,player,team,position,age,minutes,games,goals,assists,shots,shots_on_target,passes_completed,passes,passes_pct,tackles,interceptions,clearances,touches,dispossessed,xg,xg_assist
1,114,Aaron Mooy,Australia,MF,,4,4,0,0,,0,170.0,217.0,78.3,9.0,3,9.0,255.0,4.0,0.0,
2,106,Aaron Ramsey,Wales,MF,,3,3,0,0,,0,88.0,112.0,78.6,2.0,0,2.0,147.0,4.0,0.0,
3,115,Abdelhamid Sabiri,Morocco,MF,,2,5,0,1,,0,45.0,58.0,77.6,3.0,5,3.0,86.0,3.0,0.1,
4,99,Abdelkarim Hassan,Qatar,DF,,3,3,0,0,,0,122.0,161.0,75.8,7.0,1,5.0,193.0,0.0,0.3,
5,115,Abderrazak Hamdallah,Morocco,FW,,0,4,0,0,,1,8.0,15.0,53.3,0.0,0,2.0,28.0,3.0,0.4,
6,115,Abdessamad Ezzalzouli,Morocco,FW,,1,3,0,0,,0,10.0,13.0,76.9,3.0,0,3.0,40.0,1.0,0.1,
7,103,Abdou Diallo,Senegal,DF,,3,4,0,0,,0,139.0,186.0,74.7,2.0,1,10.0,210.0,2.0,0.0,
8,128,Abdul Fatawu Issahaku,Ghana,FW,,0,1,0,0,,0,1.0,1.0,100.0,0.0,0,0.0,2.0,0.0,0.0,
9,99,Abdulaziz Hatem,Qatar,MF,,2,3,0,0,,1,72.0,91.0,79.1,1.0,1,0.0,98.0,1.0,0.0,
10,108,Abdulelah Al-Amri,Saudi Arabia,DF,,2,3,0,0,,0,74.0,104.0,71.2,1.0,4,10.0,129.0,0.0,0.1,
11,108,Abdulellah Al-Malki,Saudi Arabia,MF,,1,2,0,0,,0,66.0,84.0,78.6,3.0,2,4.0,105.0,0.0,0.1,
12,108,Abdullah Madu,Saudi Arabia,DF,,0,1,0,0,,0,5.0,13.0,38.5,1.0,0,2.0,19.0,0.0,0.0,
13,108,Abdulrahman Al-Aboud,Saudi Arabia,MF,,0,2,0,0,,0,8.0,13.0,61.5,3.0,0,0.0,22.0,0.0,0.1,
14,102,Abolfazl Jalali,IR Iran,DF,,0,1,0,0,,0,20.0,29.0,69.0,0.0,0,1.0,34.0,1.0,0.0,
15,115,Achraf Dari,Morocco,DF,,2,3,1,0,,1,99.0,111.0,89.2,1.0,5,9.0,139.0,1.0,0.6,
16,115,Achraf Hakimi,Morocco,DF,,7,7,0,1,,1,312.0,382.0,81.7,26.0,9,12.0,478.0,8.0,0.1,
17,113,Adrien Rabiot,France,MF,,5,6,1,1,,4,237.0,284.0,83.5,12.0,10,6.0,350.0,7.0,1.1,
18,125,Agustín Canobbio,Uruguay,MF,,0,1,0,0,,0,5.0,7.0,71.4,1.0,0,0.0,11.0,0.0,0.0,
19,102,Ahmad Nourollahi,IR Iran,MF,,2,3,0,0,,1,35.0,54.0,64.8,4.0,6,8.0,85.0,0.0,0.1,
20,99,Ahmed Alaaeldin,Qatar,FW,,0,1,0,0,,0,0.0,2.0,0.0,0.0,0,0.0,2.0,0.0,0.0,
21,110,Aimen Dahmen,Tunisia,GK,,3,3,0,0,,0,48.0,77.0,62.3,0.0,0,2.0,82.0,0.0,0.0,
22,114,Ajdin Hrustic,Australia,MF,,0,3,0,0,,0,17.0,21.0,81.0,2.0,1,1.0,32.0,1.0,0.0,
23,99,Akram Afif,Qatar,FW,,3,3,0,0,,0,139.0,165.0,84.2,0.0,0,0.0,181.0,5.0,0.0,
24,100,Alan Franco,Ecuador,MF,,0,2,0,0,,0,10.0,11.0,90.9,1.0,2,1.0,16.0,0.0,0.0,
25,119,Alejandro Balde,Spain,DF,,1,4,0,0,,0,112.0,123.0,91.1,6.0,0,2.0,135.0,3.0,0.0,
26,130,Aleksandar Mitrović,Serbia,FW,,2,3,2,0,,3,54.0,69.0,78.3,1.0,0,1.0,95.0,3.0,1.6,
27,129,Alex Sandro,Brazil,DF,,2,3,0,0,,0,150.0,169.0,88.8,8.0,3,9.0,193.0,0.0,0.0,
28,129,Alex Telles,Brazil,DF,,0,2,0,0,,0,33.0,42.0,78.6,2.0,0,1.0,46.0,0.0,0.0,
29,109,Alexander Bah,Denmark,DF,,0,2,0,0,,0,37.0,53.0,69.8,4.0,2,0.0,65.0,0.0,0.1,
30,128,Alexander Djiku,Ghana,DF,,1,2,0,0,,0,22.0,28.0,78.6,1.0,2,9.0,43.0,0.0,0.0,
31,107,Alexis Mac Allister,Argentina,MF,,6,6,1,1,,4,234.0,265.0,88.3,9.0,3,6.0,332.0,8.0,0.7,
32,111,Alexis Vega,Mexico,FW,,2,3,0,0,,2,40.0,56.0,71.4,0.0,1,2.0,85.0,8.0,0.8,
33,110,Ali Abdi,Tunisia,DF,,2,3,0,0,,0,72.0,116.0,62.1,8.0,4,13.0,152.0,4.0,0.0,
34,108,Ali Al Hassan,Saudi Arabia,MF,,0,1,0,0,,0,4.0,7.0,57.1,2.0,0,1.0,15.0,1.0,0.1,
35,108,Ali Al-Bulaihi,Saudi Arabia,DF,,2,3,0,0,,0,78.0,97.0,80.4,4.0,3,1.0,110.0,0.0,0.0,
36,99,Ali Assadalla,Qatar,MF,,0,1,0,0,,0,21.0,23.0,91.3,0.0,0,0.0,24.0,0.0,0.0,
37,102,Ali Gholizadeh,IR Iran,MF,,2,3,0,1,,0,46.0,72.0,63.9,0.0,3,2.0,86.0,2.0,0.0,
38,102,Ali Karimi,IR Iran,MF,,1,3,0,0,,0,34.0,45.0,75.6,3.0,3,1.0,55.0,0.0,0.0,
39,110,Ali Maâloul,Tunisia,DF,,1,1,0,0,,0,39.0,63.0,61.9,1.0,0,4.0,70.0,1.0,0.0,
40,128,Alidu Seidu,Ghana,DF,,1,2,0,0,,0,59.0,78.0,75.6,6.0,0,3.0,98.0,0.0,0.0,
41,102,Alireza Beiranvand,IR Iran,GK,,1,2,0,0,,0,20.0,31.0,64.5,0.0,0,2.0,34.0,0.0,0.0,
42,102,Alireza Jahanbakhsh,IR Iran,MF,,0,2,0,0,,0,11.0,17.0,64.7,1.0,1,0.0,27.0,0.0,0.2,
43,129,Alisson,Brazil,GK,,4,4,0,0,,0,80.0,93.0,86.0,0.0,0,2.0,101.0,0.0,0.0,
44,122,Alistair Johnston,Canada,DF,,3,3,0,0,,1,147.0,186.0,79.0,5.0,2,4.0,209.0,1.0,0.8,
45,99,Almoez Ali,Qatar,FW,,2,3,0,0,,1,33.0,45.0,73.3,1.0,1,1.0,66.0,3.0,0.4,
46,122,Alphonso Davies,Canada,MF,,3,3,1,0,,1,82.0,114.0,71.9,2.0,3,1.0,156.0,7.0,1.1,
47,121,Amadou Onana,Belgium,MF,,1,2,0,0,,0,58.0,64.0,90.6,4.0,0,0.0,74.0,1.0,0.5,
48,115,Anass Zaroury,Morocco,FW,,0,1,0,0,,0,8.0,13.0,61.5,0.0,0,0.0,15.0,0.0,0.0,
49,124,Andre-Frank Zambo Anguissa,Cameroon,MF,,2,3,0,1,,1,113.0,130.0,86.9,4.0,5,2.0,159.0,5.0,0.1,
50,109,Andreas Christensen,Denmark,DF,,3,3,1,0,,1,237.0,251.0,94.4,4.0,4,9.0,280.0,1.0,0.4,
51,109,Andreas Cornelius,Denmark,FW,,1,3,0,0,,2,21.0,34.0,61.8,0.0,0,1.0,48.0,1.0,1.0,
52,109,Andreas Skov Olsen,Denmark,FW,,1,2,0,0,,1,43.0,63.0,68.3,0.0,1,0.0,76.0,4.0,0.2,
53,116,Andrej Kramarić,Croatia,FW,,5,7,2,0,,4,153.0,176.0,86.9,3.0,0,0.0,215.0,6.0,1.6,
54,104,Andries Noppert,Netherlands,GK,,5,5,0,0,,0,157.0,192.0,81.8,0.0,0,4.0,205.0,0.0,0.0,
55,130,Andrija Živković,Serbia,DF,,2,3,0,2,,0,71.0,96.0,74.0,5.0,3,3.0,118.0,1.0,0.1,
56,128,André Ayew,Ghana,MF,,2,3,1,0,,1,30.0,37.0,81.1,4.0,0,3.0,61.0,4.0,1.1,
57,124,André Onana,Cameroon,GK,,0,1,0,0,,0,45.0,59.0,76.3,0.0,0,0.0,60.0,0.0,0.0,
58,127,André Silva,Portugal,FW,,0,1,0,0,,0,9.0,11.0,81.8,0.0,0,0.0,14.0,1.0,0.0,
59,111,Andrés Guardado,Mexico,MF,,0,1,0,0,,0,11.0,16.0,68.8,4.0,0,1.0,22.0,1.0,0.0,
60,110,Anis Ben Slimane,Tunisia,MF,,1,2,0,0,,1,29.0,46.0,63.0,3.0,1,1.0,72.0,11.0,0.1,
61,119,Ansu Fati,Spain,FW,,0,2,0,0,,0,25.0,29.0,86.2,1.0,0,0.0,33.0,0.0,0.0,
62,116,Ante Budimir,Croatia,FW,,0,2,0,0,,0,2.0,5.0,40.0,1.0,0,1.0,12.0,1.0,0.2,
63,120,Anthony Contreras,Costa Rica,FW,,1,3,0,0,,0,15.0,26.0,57.7,5.0,1,0.0,38.0,7.0,0.0,
64,113,Antoine Griezmann,France,MF,,6,7,0,3,,2,258.0,329.0,78.4,14.0,8,7.0,381.0,8.0,0.7,
65,128,Antoine Semenyo,Ghana,FW,,0,2,0,0,,0,1.0,2.0,50.0,0.0,0,0.0,6.0,1.0,0.0,
66,105,Antonee Robinson,United States,DF,,4,4,0,0,,0,173.0,241.0,71.8,5.0,7,8.0,288.0,3.0,0.0,
67,117,Antonio Rüdiger,Germany,DF,,3,3,0,0,,1,229.0,252.0,90.9,2.0,0,5.0,273.0,0.0,0.8,
68,129,Antony,Brazil,FW,,1,4,0,0,,2,86.0,109.0,78.9,3.0,1,1.0,145.0,6.0,0.2,
69,127,António Silva,Portugal,DF,,1,1,0,0,,0,60.0,62.0,96.8,1.0,1,1.0,67.0,0.0,0.0,
70,118,Ao Tanaka,Japan,MF,,1,3,1,0,,1,48.0,69.0,69.6,3.0,3,2.0,84.0,1.0,1.0,
71,123,Ardon Jasari,Switzerland,FW,,0,1,0,0,,0,5.0,6.0,83.3,0.0,0,0.0,8.0,0.0,0.0,
72,112,Arkadiusz Milik,Poland,FW,,1,3,0,0,,0,19.0,29.0,65.5,0.0,0,0.0,39.0,1.0,0.2,
73,112,Artur Jędrzejczyk,Poland,DF,,0,1,0,0,,0,3.0,4.0,75.0,0.0,0,1.0,5.0,0.0,0.0,
74,108,Asiri Haitham,Saudi Arabia,FW,,0,1,0,0,,0,1.0,2.0,50.0,0.0,0,1.0,5.0,0.0,0.0,
75,99,Assim Madibo,Qatar,MF,,1,2,0,0,,0,58.0,70.0,82.9,6.0,2,0.0,85.0,2.0,0.0,
76,122,Atiba Hutchinson,Canada,MF,,1,3,0,0,,0,100.0,112.0,89.3,4.0,1,3.0,131.0,2.0,0.1,
77,113,Aurélien Tchouaméni,France,MF,,6,7,1,0,,2,426.0,474.0,89.9,11.0,14,6.0,533.0,0.0,0.3,
78,114,Awer Mabil,Australia,MF,,0,2,0,0,,0,10.0,14.0,71.4,0.0,1,0.0,18.0,0.0,0.0,
79,113,Axel Disasi,France,DF,,1,3,0,0,,0,61.0,78.0,78.2,3.0,3,4.0,90.0,1.0,0.1,
80,121,Axel Witsel,Belgium,MF,,3,3,0,0,,0,169.0,177.0,95.5,4.0,4,6.0,200.0,3.0,0.0,
81,118,Ayase Ueda,Japan,FW,,0,1,0,0,,0,7.0,12.0,58.3,0.0,0,2.0,23.0,2.0,0.0,
82,119,Aymeric Laporte,Spain,DF,,3,3,0,0,,0,413.0,438.0,94.3,2.0,3,7.0,456.0,0.0,0.0,
83,114,Aziz Behich,Australia,DF,,4,4,0,0,,0,152.0,203.0,74.9,8.0,3,12.0,249.0,5.0,0.1,
84,115,Azzedine Ounahi,Morocco,MF,,6,7,0,0,,1,216.0,265.0,81.5,9.0,7,2.0,328.0,7.0,0.3,
85,110,Aïssa Laïdouni,Tunisia,MF,,2,3,0,1,,0,99.0,123.0,80.5,3.0,4,6.0,156.0,3.0,0.1,
86,128,Baba Rahman,Ghana,DF,,2,3,0,0,,0,66.0,100.0,66.0,5.0,1,3.0,121.0,0.0,0.0,
87,115,Badr Banoun,Morocco,DF,,0,3,0,0,,0,21.0,22.0,95.5,0.0,1,3.0,28.0,1.0,0.0,
88,114,Bailey Wright,Australia,DF,,0,1,0,0,,0,1.0,3.0,33.3,0.0,0,2.0,5.0,0.0,0.0,
89,103,Bamba Dieng,Senegal,FW,,1,4,1,0,,1,9.0,16.0,56.3,2.0,0,0.0,32.0,4.0,0.5,
90,112,Bartosz Bereszyński,Poland,DF,,3,4,0,0,,0,122.0,156.0,78.2,6.0,2,17.0,197.0,3.0,0.0,
91,99,Bassam Al-Rawi,Qatar,DF,,1,1,0,0,,0,47.0,57.0,82.5,0.0,0,7.0,68.0,1.0,0.0,
92,106,Ben Davies,Wales,DF,,2,3,0,0,,2,122.0,161.0,75.8,4.0,1,8.0,184.0,0.0,0.3,
93,113,Benjamin Pavard,France,DF,,1,1,0,0,,0,82.0,90.0,91.1,0.0,1,0.0,94.0,0.0,0.0,
94,127,Bernardo Silva,Portugal,MF,,4,5,0,0,,0,256.0,292.0,87.7,2.0,2,0.0,309.0,4.0,0.2,
95,115,Bilal El Khannous,Morocco,MF,,0,1,0,0,,0,20.0,24.0,83.3,0.0,0,2.0,29.0,0.0,0.0,
96,116,Borna Barišić,Croatia,DF,,1,1,0,0,,0,50.0,69.0,72.5,1.0,0,4.0,81.0,0.0,0.0,
97,116,Borna Sosa,Croatia,DF,,4,5,0,0,,0,220.0,278.0,79.1,14.0,2,18.0,333.0,3.0,0.1,
98,99,Boualem Khoukhi,Qatar,DF,,3,3,0,0,,0,169.0,197.0,85.8,2.0,3,18.0,232.0,1.0,0.0,
99,103,Boulaye Dia,Senegal,FW,,3,4,1,0,,3,39.0,53.0,73.6,1.0,1,3.0,81.0,8.0,0.7,
100,120,Brandon Aguilera,Costa Rica,MF,,1,3,0,0,,0,27.0,38.0,71.1,2.0,1,0.0,44.0,3.0,0.0,
101,123,Breel Embolo,Switzerland,FW,,3,4,2,0,,3,46.0,62.0,74.2,1.0,0,1.0,92.0,10.0,2.3,
102,105,Brenden Aaronson,United States,MF,,1,4,0,0,,0,41.0,50.0,82.0,3.0,1,0.0,78.0,4.0,0.1,
103,106,Brennan Johnson,Wales,FW,,1,3,0,0,,1,10.0,17.0,58.8,0.0,0,1.0,33.0,2.0,0.2,
104,127,Bruno Fernandes,Portugal,FW,,4,4,2,3,,2,188.0,233.0,80.7,4.0,2,4.0,266.0,4.0,1.1,
105,129,Bruno Guimarães,Brazil,MF,,0,2,0,0,,2,43.0,54.0,79.6,0.0,0,0.0,67.0,2.0,0.7,
106,116,Bruno Petković,Croatia,FW,,2,6,1,0,,1,40.0,75.0,53.3,6.0,0,0.0,101.0,10.0,0.1,
107,124,Bryan Mbeumo,Cameroon,FW,,2,3,0,0,,2,49.0,85.0,57.6,0.0,1,2.0,106.0,1.0,0.2,
108,120,Bryan Oviedo,Costa Rica,DF,,2,3,0,0,,0,67.0,89.0,75.3,6.0,3,7.0,112.0,0.0,0.0,
109,120,Bryan Ruiz,Costa Rica,MF,,0,1,0,0,,0,8.0,12.0,66.7,1.0,0,0.0,14.0,0.0,0.0,
110,101,Bukayo Saka,England,FW,,3,4,3,0,,5,84.0,108.0,77.8,7.0,2,2.0,147.0,3.0,0.6,
111,101,Callum Wilson,England,FW,,0,2,0,1,,0,9.0,10.0,90.0,0.0,0,0.0,16.0,2.0,0.0,
112,105,Cameron Carter-Vickers,United States,DF,,1,1,0,0,,0,50.0,58.0,86.2,0.0,0,4.0,64.0,0.0,0.0,
113,100,Carlos Gruezo,Ecuador,MF,,0,1,0,0,,0,15.0,15.0,100.0,2.0,0,0.0,19.0,0.0,0.0,
114,120,Carlos Martínez,Costa Rica,DF,,0,1,0,0,,0,10.0,15.0,66.7,1.0,1,1.0,20.0,1.0,0.0,
115,119,Carlos Soler,Spain,MF,,1,2,1,0,,1,78.0,83.0,94.0,0.0,0,0.0,88.0,1.0,0.5,
116,129,Casemiro,Brazil,MF,,4,4,1,0,,3,208.0,251.0,82.9,11.0,7,5.0,302.0,4.0,0.4,
117,120,Celso Borges,Costa Rica,MF,,2,3,0,0,,0,98.0,120.0,81.7,5.0,4,7.0,143.0,0.0,0.0,
118,121,Charles De Ketelaere,Belgium,FW,,0,1,0,0,,0,3.0,4.0,75.0,0.0,0,0.0,6.0,1.0,0.0,
119,111,Charly Rodríguez,Mexico,MF,,0,2,0,0,,0,21.0,30.0,70.0,0.0,0,0.0,36.0,0.0,0.0,
120,103,Cheikhou Kouyaté,Senegal,MF,,0,1,0,0,,0,19.0,23.0,82.6,0.0,2,4.0,34.0,0.0,0.0,
121,126,Cho Guesung,Korea Republic,FW,,3,4,2,0,,5,40.0,63.0,63.5,0.0,0,3.0,88.0,5.0,1.1,
122,126,Cho Yumin,Korea Republic,FW,,0,1,0,0,,0,0.0,0.0,,0.0,0,0.0,0.0,0.0,0.0,
123,106,Chris Mepham,Wales,DF,,3,3,0,0,,0,141.0,172.0,82.0,8.0,1,16.0,199.0,0.0,0.0,
124,124,Christian Bassogog,Cameroon,MF,,0,1,0,0,,0,5.0,9.0,55.6,0.0,1,0.0,13.0,0.0,0.0,
125,109,Christian Eriksen,Denmark,MF,,3,3,0,0,,1,188.0,230.0,81.7,1.0,0,1.0,253.0,3.0,0.2,
126,123,Christian Fassnacht,Switzerland,FW,,0,1,0,0,,1,7.0,10.0,70.0,0.0,0,1.0,12.0,0.0,0.2,
127,109,Christian Nørgaard,Denmark,MF,,0,1,0,0,,0,14.0,15.0,93.3,0.0,0,0.0,15.0,0.0,0.0,
128,105,Christian Pulisic,United States,FW,,3,4,1,2,,5,83.0,141.0,58.9,2.0,0,1.0,187.0,10.0,1.1,
129,124,Christopher Wooh,Cameroon,DF,,1,1,0,0,,0,25.0,31.0,80.6,1.0,1,6.0,45.0,2.0,0.0,
130,104,Cody Gakpo,Netherlands,FW,,5,5,3,0,,3,93.0,148.0,62.8,8.0,3,6.0,205.0,9.0,0.3,
131,124,Collins Fai,Cameroon,DF,,3,3,0,0,,0,99.0,146.0,67.8,5.0,4,7.0,169.0,0.0,0.0,
132,106,Connor Roberts,Wales,DF,,2,3,0,0,,0,92.0,118.0,78.0,3.0,1,7.0,138.0,0.0,0.0,
133,114,Craig Goodwin,Australia,MF,,2,4,1,1,,1,58.0,95.0,61.1,4.0,0,3.0,118.0,3.0,0.3,
134,107,Cristian Romero,Argentina,DF,,6,7,0,0,,0,337.0,375.0,89.9,5.0,4,26.0,428.0,1.0,0.0,
135,127,Cristiano Ronaldo,Portugal,FW,,3,5,1,0,,2,68.0,90.0,75.6,0.0,0,1.0,116.0,5.0,1.6,
136,122,Cyle Larin,Canada,FW,,1,3,0,0,,1,21.0,29.0,72.4,0.0,0,2.0,44.0,2.0,0.2,
137,119,César Azpilicueta,Spain,DF,,1,2,0,1,,0,171.0,181.0,94.5,1.0,1,0.0,185.0,1.0,0.0,
138,111,César Montes,Mexico,DF,,3,3,0,1,,0,159.0,197.0,80.7,6.0,2,11.0,222.0,0.0,0.2,
139,118,Daichi Kamada,Japan,FW,,3,4,0,0,,1,83.0,104.0,79.8,7.0,0,3.0,139.0,7.0,0.6,
140,118,Daizen Maeda,Japan,FW,,2,3,1,0,,1,8.0,17.0,47.1,3.0,3,0.0,31.0,0.0,0.5,
141,104,Daley Blind,Netherlands,DF,,4,5,1,1,,2,252.0,300.0,84.0,14.0,5,4.0,339.0,1.0,0.4,
142,112,Damian Szymański,Poland,MF,,0,1,0,0,,0,8.0,8.0,100.0,0.0,1,0.0,9.0,0.0,0.0,
143,129,Dani Alves,Brazil,DF,,1,2,0,0,,0,83.0,97.0,85.6,5.0,2,2.0,113.0,2.0,0.2,
144,119,Dani Carvajal,Spain,DF,,1,2,0,0,,0,121.0,135.0,89.6,1.0,2,1.0,137.0,0.0,0.0,
145,119,Dani Olmo,Spain,FW,,4,4,1,1,,6,162.0,198.0,81.8,5.0,1,4.0,257.0,7.0,1.4,
146,128,Daniel Amartey,Ghana,DF,,2,3,0,0,,0,128.0,141.0,90.8,6.0,3,12.0,172.0,1.0,0.2,
147,120,Daniel Chacón,Costa Rica,MF,,0,1,0,0,,0,1.0,1.0,100.0,0.0,0,1.0,2.0,0.0,0.0,
148,106,Daniel James,Wales,FW,,1,3,0,0,,0,24.0,36.0,66.7,1.0,0,1.0,49.0,1.0,0.0,
149,128,Daniel Kyereh,Ghana,MF,,0,3,0,0,,0,18.0,23.0,78.3,2.0,0,4.0,31.0,2.0,0.0,
150,129,Danilo,Brazil,DF,,3,3,0,0,,0,230.0,269.0,85.5,5.0,3,5.0,289.0,1.0,0.0,
151,127,Danilo Pereira,Portugal,DF,,1,1,0,0,,0,68.0,78.0,87.2,2.0,3,3.0,87.0,1.0,0.0,
152,106,Danny Ward,Wales,GK,,1,2,0,0,,0,24.0,39.0,61.5,0.0,0,0.0,42.0,0.0,0.0,
153,130,Darko Lazović,Serbia,DF,,0,1,0,0,,0,7.0,12.0,58.3,0.0,0,0.0,14.0,0.0,0.0,
154,125,Darwin Núñez,Uruguay,FW,,2,3,0,0,,1,35.0,56.0,62.5,3.0,0,2.0,85.0,6.0,0.4,
155,117,David Raum,Germany,DF,,2,3,0,1,,0,153.0,195.0,78.5,6.0,7,2.0,229.0,3.0,0.0,
156,122,David Wotherspoon,Canada,MF,,0,1,0,0,,0,4.0,7.0,57.1,0.0,0,0.0,9.0,0.0,0.0,
157,104,Davy Klaassen,Netherlands,MF,,2,4,1,2,,1,59.0,77.0,76.6,3.0,1,2.0,96.0,3.0,0.2,
158,113,Dayot Upamecano,France,DF,,5,5,0,0,,0,314.0,351.0,89.5,11.0,6,13.0,393.0,1.0,0.0,
159,105,DeAndre Yedlin,United States,DF,,0,2,0,0,,0,19.0,28.0,67.9,2.0,0,2.0,32.0,0.0,0.0,
160,101,Declan Rice,England,MF,,4,5,0,0,,0,300.0,322.0,93.2,6.0,11,5.0,362.0,2.0,0.0,
161,116,Dejan Lovren,Croatia,DF,,6,6,0,1,,0,405.0,460.0,88.0,7.0,6,29.0,515.0,0.0,0.3,
162,128,Denis Odoi,Ghana,DF,,0,1,0,0,,0,2.0,2.0,100.0,1.0,0,2.0,7.0,0.0,0.0,
163,123,Denis Zakaria,Switzerland,MF,,0,2,0,0,,0,20.0,23.0,87.0,0.0,3,1.0,32.0,1.0,0.0,
164,104,Denzel Dumfries,Netherlands,DF,,5,5,1,2,,1,149.0,217.0,68.7,8.0,7,6.0,274.0,7.0,0.4,
165,124,Devis Epassy,Cameroon,GK,,2,2,0,0,,0,57.0,83.0,68.7,0.0,0,2.0,93.0,0.0,0.0,
166,125,Diego Godín,Uruguay,DF,,1,2,0,0,,0,87.0,103.0,84.5,0.0,1,9.0,116.0,0.0,0.1,
167,127,Diogo Costa,Portugal,GK,,5,5,0,0,,0,113.0,160.0,70.6,1.0,0,4.0,170.0,1.0,0.0,
168,127,Diogo Dalot,Portugal,DF,,2,3,0,2,,1,112.0,147.0,76.2,8.0,2,1.0,172.0,1.0,0.0,
169,123,Djibril Sow,Switzerland,MF,,2,4,0,1,,0,84.0,97.0,86.6,2.0,2,0.0,115.0,2.0,0.2,
170,100,Djorkaeff Reasco,Ecuador,FW,,0,1,0,0,,0,2.0,2.0,100.0,0.0,0,0.0,3.0,1.0,0.0,
171,116,Dominik Livaković,Croatia,GK,,7,7,0,0,,0,194.0,228.0,85.1,0.0,0,0.0,245.0,0.0,0.0,
172,121,Dries Mertens,Belgium,MF,,0,2,0,0,,1,22.0,33.0,66.7,2.0,0,0.0,39.0,0.0,0.8,
173,130,Dušan Tadić,Serbia,MF,,2,3,0,2,,0,90.0,127.0,70.9,4.0,1,0.0,150.0,3.0,0.1,
174,130,Dušan Vlahović,Serbia,FW,,0,2,1,0,,3,6.0,11.0,54.5,1.0,0,0.0,19.0,1.0,0.8,
175,110,Dylan Bronn,Tunisia,DF,,1,2,0,0,,0,75.0,98.0,76.5,4.0,0,0.0,104.0,2.0,0.1,
176,121,Eden Hazard,Belgium,MF,,1,3,0,0,,1,46.0,58.0,79.3,0.0,1,0.0,70.0,5.0,0.1,
177,129,Ederson,Brazil,GK,,1,1,0,0,,0,28.0,31.0,90.3,0.0,0,0.0,32.0,0.0,0.0,
178,123,Edimilson Fernandes,Switzerland,FW,,1,3,0,0,,0,65.0,82.0,79.3,2.0,2,3.0,95.0,3.0,0.0,
179,125,Edinson Cavani,Uruguay,FW,,1,3,0,0,,0,27.0,37.0,73.0,0.0,0,0.0,44.0,0.0,0.3,
180,103,Edouard Mendy,Senegal,GK,,4,4,0,0,,0,88.0,120.0,73.3,0.0,0,3.0,128.0,0.0,0.0,
181,111,Edson Álvarez,Mexico,MF,,1,2,0,0,,1,86.0,114.0,75.4,3.0,4,2.0,131.0,2.0,0.0,
182,113,Eduardo Camavinga,France,DF,,1,2,0,0,,0,88.0,100.0,88.0,14.0,3,6.0,138.0,3.0,0.0,
183,102,Ehsan Hajsafi,IR Iran,MF,,2,3,0,0,,0,61.0,98.0,62.2,6.0,2,2.0,118.0,1.0,0.2,
184,110,Ellyes Skhiri,Tunisia,MF,,3,3,0,0,,0,109.0,127.0,85.8,10.0,7,3.0,161.0,1.0,0.1,
185,107,Emiliano Martínez,Argentina,GK,,7,7,0,0,,0,120.0,187.0,64.2,0.0,0,3.0,196.0,0.0,0.0,
186,100,Enner Valencia,Ecuador,FW,,2,3,3,0,,3,40.0,57.0,70.2,2.0,1,2.0,98.0,6.0,2.3,
187,124,Enzo Ebosse,Cameroon,DF,,1,1,0,0,,0,34.0,38.0,89.5,4.0,0,5.0,49.0,0.0,0.0,
188,107,Enzo Fernández,Argentina,MF,,6,7,1,1,,3,412.0,471.0,87.5,22.0,3,7.0,533.0,7.0,0.3,
189,123,Eray Cömert,Switzerland,DF,,0,2,0,0,,0,38.0,42.0,90.5,0.0,2,2.0,50.0,0.0,0.0,
190,101,Eric Dier,England,DF,,0,2,0,0,,0,40.0,41.0,97.6,1.0,0,0.0,44.0,0.0,0.0,
191,124,Eric Maxim Choupo-Moting,Cameroon,FW,,2,3,1,0,,2,44.0,66.0,66.7,4.0,1,1.0,87.0,2.0,0.8,
192,111,Erick Gutiérrez,Mexico,MF,,0,1,0,0,,0,24.0,29.0,82.8,1.0,2,1.0,34.0,0.0,0.0,
193,106,Ethan Ampadu,Wales,MF,,2,3,0,0,,0,108.0,144.0,75.0,4.0,4,10.0,178.0,3.0,0.0,
194,129,Everton Ribeiro,Brazil,MF,,0,1,0,0,,0,15.0,18.0,83.3,1.0,0,0.0,21.0,1.0,0.0,
195,107,Exequiel Palacios,Argentina,MF,,0,3,0,0,,0,25.0,28.0,89.3,0.0,2,1.0,34.0,2.0,0.1,
196,123,Fabian Frei,Switzerland,MF,,0,2,0,0,,0,9.0,14.0,64.3,1.0,1,0.0,16.0,2.0,0.0,
197,123,Fabian Rieder,Switzerland,FW,,0,2,0,0,,0,13.0,26.0,50.0,3.0,0,1.0,32.0,2.0,0.0,
198,123,Fabian Schär,Switzerland,DF,,1,2,0,0,,0,65.0,82.0,79.3,2.0,2,7.0,100.0,1.0,0.1,
199,129,Fabinho,Brazil,MF,,1,1,0,0,,0,51.0,57.0,89.5,3.0,1,2.0,63.0,0.0,0.0,
200,125,Facundo Pellistri,Uruguay,MF,,2,3,0,0,,0,32.0,46.0,69.6,2.0,0,2.0,66.0,3.0,0.2,
201,103,Famara Diedhiou,Senegal,FW,,1,2,1,0,,1,10.0,14.0,71.4,0.0,0,2.0,24.0,2.0,0.2,
202,125,Federico Valverde,Uruguay,MF,,3,3,0,0,,1,159.0,189.0,84.1,7.0,5,1.0,225.0,2.0,0.2,
203,110,Ferjani Sassi,Tunisia,MF,,0,2,0,0,,0,25.0,34.0,73.5,2.0,1,0.0,39.0,0.0,0.0,
204,119,Ferrán Torres,Spain,FW,,2,4,2,0,,1,59.0,85.0,69.4,0.0,0,0.0,115.0,7.0,1.0,
205,130,Filip Kostić,Serbia,DF,,2,2,0,0,,0,72.0,113.0,63.7,6.0,0,1.0,130.0,1.0,0.0,
206,130,Filip Mladenović,Serbia,DF,,0,1,0,0,,0,20.0,25.0,80.0,0.0,0,1.0,29.0,0.0,0.0,
207,130,Filip Đuričić,Serbia,MF,,0,2,0,0,,0,5.0,6.0,83.3,0.0,0,0.0,9.0,0.0,0.0,
208,108,Firas Al-Buraikan,Saudi Arabia,MF,,3,3,0,1,,0,42.0,63.0,66.7,3.0,2,4.0,94.0,3.0,0.1,
209,103,Fodé Ballo-Touré,Senegal,DF,,0,1,0,0,,0,5.0,8.0,62.5,0.0,0,0.0,10.0,0.0,0.0,
210,114,Fran Karačić,Australia,DF,,1,2,0,0,,0,33.0,54.0,61.1,2.0,2,3.0,69.0,0.0,0.2,
211,120,Francisco Calvo,Costa Rica,DF,,2,2,0,0,,0,86.0,104.0,82.7,7.0,2,2.0,121.0,1.0,0.0,
212,129,Fred,Brazil,MF,,1,4,0,0,,1,71.0,83.0,85.5,3.0,0,3.0,98.0,1.0,0.3,
213,104,Frenkie de Jong,Netherlands,MF,,5,5,1,1,,1,323.0,364.0,88.7,12.0,6,3.0,408.0,4.0,0.9,
214,100,Félix Torres Caicedo,Ecuador,DF,,3,3,0,1,,0,168.0,208.0,80.8,2.0,4,10.0,233.0,0.0,0.1,
215,129,Gabriel Jesus,Brazil,FW,,1,3,0,0,,1,22.0,28.0,78.6,2.0,2,0.0,39.0,0.0,0.4,
216,114,Garang Kuol,Australia,FW,,0,2,0,0,,1,3.0,5.0,60.0,0.0,1,0.0,10.0,0.0,0.4,
217,106,Gareth Bale,Wales,FW,,2,3,1,0,,1,33.0,53.0,62.3,1.0,1,1.0,68.0,4.0,0.8,
218,119,Gavi,Spain,MF,,3,4,1,0,,1,133.0,154.0,86.4,8.0,1,2.0,183.0,5.0,0.1,
219,124,Gaël Ondoua,Cameroon,MF,,0,2,0,0,,0,17.0,19.0,89.5,2.0,2,0.0,25.0,1.0,0.0,
220,124,Georges-Kévin N'Koudou,Cameroon,FW,,0,2,0,0,,1,9.0,12.0,75.0,0.0,0,0.0,20.0,2.0,0.0,
221,107,Germán Pezzella,Argentina,DF,,0,3,0,0,,0,42.0,45.0,93.3,0.0,0,0.0,47.0,0.0,0.1,
222,120,Gerson Torres,Costa Rica,MF,,0,1,0,0,,0,16.0,16.0,100.0,0.0,0,0.0,25.0,4.0,0.0,
223,110,Ghaylène Chaalali,Tunisia,MF,,0,1,0,0,,0,3.0,4.0,75.0,0.0,2,1.0,11.0,1.0,0.0,
224,128,Gideon Mensah,Ghana,DF,,1,1,0,1,,0,36.0,46.0,78.3,1.0,2,5.0,59.0,1.0,0.0,
225,105,Gio Reyna,United States,FW,,0,2,0,0,,0,26.0,38.0,68.4,0.0,0,0.0,42.0,1.0,0.1,
226,125,Giorgian De Arrascaeta,Uruguay,MF,,1,2,2,0,,3,32.0,52.0,61.5,3.0,2,1.0,69.0,4.0,1.2,
227,129,Gleison Bremer,Brazil,DF,,1,2,0,0,,0,78.0,84.0,92.9,1.0,1,6.0,95.0,0.0,0.2,
228,107,Gonzalo Montiel,Argentina,DF,,1,4,0,0,,0,69.0,81.0,85.2,3.0,1,1.0,95.0,2.0,0.0,
229,100,Gonzalo Plata,Ecuador,MF,,3,3,0,0,,1,77.0,104.0,74.0,3.0,2,0.0,133.0,3.0,0.1,
230,127,Gonçalo Ramos,Portugal,FW,,1,4,3,1,,5,25.0,31.0,80.6,1.0,0,2.0,55.0,0.0,1.6,
231,123,Granit Xhaka,Switzerland,MF,,4,4,0,0,,3,215.0,243.0,88.5,6.0,2,7.0,273.0,3.0,0.3,
232,123,Gregor Kobel,Switzerland,GK,,1,1,0,0,,0,21.0,29.0,72.4,0.0,0,0.0,29.0,0.0,0.0,
233,112,Grzegorz Krychowiak,Poland,MF,,3,4,0,0,,0,93.0,127.0,73.2,9.0,5,4.0,165.0,0.0,0.0,
234,107,Guido Rodríguez,Argentina,MF,,0,1,0,0,,0,54.0,64.0,84.4,2.0,0,1.0,69.0,0.0,0.0,
235,111,Guillermo Ochoa,Mexico,GK,,3,3,0,0,,0,93.0,109.0,85.3,0.0,0,0.0,112.0,0.0,0.0,
236,125,Guillermo Varela,Uruguay,DF,,2,3,0,0,,0,62.0,92.0,67.4,3.0,3,1.0,109.0,1.0,0.0,
237,105,Haji Wright,United States,FW,,1,4,1,0,,2,20.0,27.0,74.1,2.0,0,1.0,44.0,0.0,0.5,
238,115,Hakim Ziyech,Morocco,FW,,7,7,1,1,,2,211.0,306.0,69.0,10.0,10,4.0,386.0,11.0,0.4,
239,110,Hannibal Mejbri,Tunisia,MF,,0,1,0,0,,0,2.0,2.0,100.0,1.0,1,0.0,4.0,0.0,0.0,
240,123,Haris Seferović,Switzerland,FW,,0,3,0,0,,0,10.0,14.0,71.4,0.0,0,0.0,20.0,0.0,0.2,
241,101,Harry Kane,England,FW,,4,5,2,3,,5,62.0,98.0,63.3,2.0,0,5.0,138.0,5.0,2.7,
242,101,Harry Maguire,England,DF,,4,5,0,1,,1,354.0,407.0,87.0,7.0,4,18.0,445.0,0.0,0.4,
243,114,Harry Souttar,Australia,DF,,4,4,0,0,,0,138.0,167.0,82.6,4.0,6,22.0,213.0,0.0,0.1,
244,106,Harry Wilson,Wales,MF,,1,3,0,0,,0,48.0,64.0,75.0,4.0,1,3.0,81.0,0.0,0.1,
245,108,Hassan Al Tambakti,Saudi Arabia,DF,,2,2,0,0,,0,40.0,55.0,72.7,4.0,3,6.0,75.0,0.0,0.0,
246,99,Hassan Al-Haydos,Qatar,MF,,2,3,0,0,,1,65.0,80.0,81.3,4.0,2,1.0,101.0,3.0,0.0,
247,108,Hattan Bahebri,Saudi Arabia,MF,,0,2,0,1,,0,4.0,7.0,57.1,0.0,0,0.0,7.0,0.0,0.0,
248,111,Henry Martín,Mexico,FW,,1,2,1,0,,2,13.0,20.0,65.0,1.0,2,1.0,35.0,2.0,0.9,
249,100,Hernán Galíndez,Ecuador,GK,,3,3,0,0,,0,44.0,74.0,59.5,0.0,0,0.0,77.0,0.0,0.0,
250,118,Hidemasa Morita,Japan,MF,,3,3,0,0,,1,129.0,157.0,82.2,0.0,3,4.0,192.0,5.0,0.2,
251,118,Hiroki Ito,Japan,DF,,0,1,0,0,,0,58.0,63.0,92.1,0.0,0,0.0,64.0,0.0,0.0,
252,118,Hiroki Sakai,Japan,MF,,1,2,0,0,,0,28.0,47.0,59.6,5.0,1,8.0,70.0,1.0,0.5,
253,111,Hirving Lozano,Mexico,FW,,2,3,0,0,,3,42.0,77.0,54.5,7.0,0,1.0,109.0,4.0,0.2,
254,99,Homam Ahmed,Qatar,DF,,2,3,0,0,,0,77.0,105.0,73.3,2.0,2,1.0,115.0,2.0,0.0,
255,126,Hong Chul,Korea Republic,DF,,0,1,0,0,,0,17.0,20.0,85.0,0.0,1,1.0,24.0,0.0,0.0,
256,102,Hossein Hosseini,IR Iran,GK,,1,2,0,0,,0,23.0,47.0,48.9,0.0,0,0.0,49.0,0.0,0.0,
257,102,Hossein Kanaanizadegan,IR Iran,DF,,0,1,0,0,,0,8.0,11.0,72.7,0.0,1,2.0,15.0,0.0,0.0,
258,113,Hugo Lloris,France,GK,,6,6,0,0,,0,110.0,182.0,60.4,0.0,0,3.0,203.0,0.0,0.0,
259,126,Hwang Hee-chan,Korea Republic,MF,,1,2,1,0,,5,45.0,59.0,76.3,1.0,0,0.0,84.0,3.0,0.9,
260,126,Hwang In-beom,Korea Republic,MF,,3,4,0,0,,1,194.0,247.0,78.5,4.0,3,2.0,276.0,0.0,0.2,
261,126,Hwang Ui-jo,Korea Republic,FW,,1,4,0,0,,0,9.0,11.0,81.8,0.0,0,1.0,18.0,0.0,0.5,
262,111,Héctor Herrera,Mexico,MF,,1,2,0,0,,0,64.0,78.0,82.1,4.0,3,0.0,91.0,1.0,0.0,
263,111,Héctor Moreno,Mexico,DF,,3,3,0,0,,0,165.0,195.0,84.6,2.0,1,4.0,210.0,1.0,0.2,
264,113,Ibrahima Konaté,France,DF,,3,5,0,0,,1,216.0,236.0,91.5,15.0,7,16.0,283.0,2.0,0.4,
265,103,Idrissa Gana Gueye,Senegal,MF,,3,3,0,0,,1,107.0,133.0,80.5,2.0,5,3.0,155.0,5.0,0.3,
266,115,Ilias Chair,Morocco,MF,,0,1,0,0,,0,13.0,15.0,86.7,1.0,0,0.0,18.0,1.0,0.0,
267,103,Iliman Ndiaye,Senegal,FW,,1,3,0,1,,0,25.0,32.0,78.1,0.0,1,0.0,44.0,3.0,0.1,
268,103,Ismail Jakobs,Senegal,DF,,3,4,0,1,,0,107.0,156.0,68.6,0.0,4,14.0,184.0,1.0,0.0,
269,99,Ismail Mohamad,Qatar,FW,,1,2,0,1,,2,,,,,2,,,,,
270,103,Ismaila Sarr,Senegal,FW,,3,4,1,0,,1,52.0,81.0,64.2,4.0,2,1.0,133.0,5.0,1.7,
271,122,Ismaël Koné,Canada,MF,,1,3,0,0,,0,96.0,101.0,95.0,0.0,0,0.0,103.0,0.0,0.0,
272,110,Issam Jebali,Tunisia,FW,,2,3,0,0,,1,25.0,35.0,71.4,3.0,0,3.0,60.0,7.0,0.5,
273,130,Ivan Ilić,Serbia,MF,,0,1,0,0,,0,19.0,20.0,95.0,0.0,1,0.0,23.0,1.0,0.0,
274,116,Ivan Perišić,Croatia,FW,,7,7,1,3,,4,202.0,292.0,69.2,7.0,7,12.0,378.0,5.0,0.9,
275,128,Iñaki Williams,Ghana,FW,,3,3,0,0,,0,29.0,42.0,69.0,4.0,0,2.0,63.0,5.0,0.3,
276,101,Jack Grealish,England,FW,,1,5,1,0,,1,48.0,54.0,88.9,3.0,3,1.0,71.0,0.0,0.6,
277,114,Jackson Irvine,Australia,MF,,3,4,0,0,,0,103.0,128.0,80.5,4.0,3,8.0,170.0,6.0,0.5,
278,100,Jackson Porozo,Ecuador,DF,,1,2,0,0,,0,39.0,44.0,88.6,2.0,3,4.0,58.0,2.0,0.1,
279,112,Jakub Kamiński,Poland,MF,,2,4,0,0,,1,37.0,61.0,60.7,6.0,0,2.0,88.0,6.0,0.4,
280,112,Jakub Kiwior,Poland,DF,,3,4,0,0,,0,174.0,205.0,84.9,2.0,4,15.0,236.0,1.0,0.0,
281,117,Jamal Musiala,Germany,MF,,2,3,0,1,,3,85.0,105.0,81.0,1.0,1,0.0,163.0,16.0,1.9,
282,114,Jamie Maclaren,Australia,FW,,0,3,0,0,,0,7.0,15.0,46.7,0.0,1,0.0,15.0,1.0,0.0,
283,112,Jan Bednarek,Poland,DF,,0,1,0,0,,0,6.0,6.0,100.0,0.0,0,0.0,6.0,0.0,0.0,
284,121,Jan Vertonghen,Belgium,DF,,3,3,0,0,,0,238.0,269.0,88.5,0.0,5,12.0,290.0,0.0,0.2,
285,114,Jason Cummings,Australia,FW,,0,1,0,0,,0,4.0,6.0,66.7,0.0,0,0.0,9.0,0.0,0.0,
286,115,Jawad El Yamiq,Morocco,DF,,3,6,0,0,,1,146.0,164.0,89.0,4.0,5,17.0,202.0,0.0,0.1,
287,124,Jean-Charles Castelletto,Cameroon,DF,,2,2,1,1,,1,66.0,82.0,80.5,3.0,6,12.0,109.0,0.0,0.9,
288,126,Jeong Woo-yeong,Korea Republic,MF,,0,1,0,0,,0,12.0,15.0,80.0,0.0,0,1.0,20.0,0.0,0.0,
289,121,Jeremy Doku,Belgium,MF,,0,1,0,0,,0,8.0,14.0,57.1,0.0,0,0.0,16.0,0.0,0.0,
290,100,Jeremy Sarmiento,Ecuador,MF,,0,3,0,0,,1,23.0,37.0,62.2,2.0,1,0.0,44.0,1.0,0.1,
291,124,Jerome Ngom Mbekeli,Cameroon,MF,,0,1,0,0,,0,1.0,2.0,50.0,0.0,0,1.0,4.0,1.0,0.0,
292,109,Jesper Lindstrøm,Denmark,MF,,2,3,0,0,,1,36.0,52.0,69.2,1.0,1,1.0,81.0,1.0,0.3,
293,105,Jesús Ferreira,United States,FW,,0,1,0,0,,0,16.0,19.0,84.2,1.0,0,0.0,24.0,1.0,0.0,
294,111,Jesús Gallardo,Mexico,DF,,3,3,0,0,,0,93.0,134.0,69.4,9.0,1,10.0,167.0,0.0,0.1,
295,120,Jewison Bennette,Costa Rica,MF,,1,3,0,0,,0,11.0,14.0,78.6,0.0,0,0.0,29.0,1.0,0.0,
296,100,Jhegson Méndez,Ecuador,MF,,2,2,0,0,,0,128.0,140.0,91.4,2.0,1,1.0,150.0,1.0,0.0,
297,109,Joachim Andersen,Denmark,DF,,3,3,0,1,,1,198.0,250.0,79.2,4.0,0,12.0,281.0,1.0,0.1,
298,109,Joakim Mæhle,Denmark,DF,,2,3,0,0,,0,119.0,146.0,81.5,9.0,2,6.0,185.0,2.0,0.0,
299,106,Joe Allen,Wales,MF,,1,2,0,0,,0,30.0,36.0,83.3,1.0,1,4.0,51.0,0.0,0.1,
300,106,Joe Morrell,Wales,MF,,0,2,0,0,,0,12.0,14.0,85.7,3.0,1,0.0,24.0,1.0,0.0,
301,106,Joe Rodon,Wales,DF,,3,3,0,0,,0,152.0,169.0,89.9,2.0,4,13.0,192.0,0.0,0.0,
302,120,Joel Campbell,Costa Rica,FW,,3,3,0,0,,0,104.0,138.0,75.4,9.0,0,4.0,179.0,8.0,0.0,
303,120,Johan Venegas,Costa Rica,FW,,0,1,0,0,,0,11.0,14.0,78.6,0.0,0,2.0,21.0,0.0,0.0,
304,101,John Stones,England,DF,,4,5,0,0,,1,435.0,454.0,95.8,2.0,1,8.0,475.0,0.0,0.4,
305,117,Jonas Hofmann,Germany,FW,,0,2,0,0,,1,16.0,20.0,80.0,0.0,0,0.0,24.0,2.0,0.3,
306,122,Jonathan David,Canada,FW,,2,3,0,0,,1,41.0,60.0,68.3,1.0,0,0.0,84.0,2.0,1.0,
307,122,Jonathan Osorio,Canada,MF,,1,3,0,0,,0,52.0,57.0,91.2,2.0,1,1.0,68.0,2.0,0.1,
308,128,Jordan Ayew,Ghana,FW,,1,3,0,1,,1,35.0,46.0,76.1,3.0,1,1.0,68.0,4.0,0.1,
309,101,Jordan Henderson,England,MF,,3,4,1,0,,1,137.0,163.0,84.0,4.0,1,0.0,179.0,1.0,0.2,
310,105,Jordan Morris,United States,FW,,0,2,0,0,,0,1.0,4.0,25.0,0.0,0,0.0,5.0,0.0,0.0,
311,101,Jordan Pickford,England,GK,,5,5,0,0,,0,126.0,160.0,78.8,0.0,0,2.0,169.0,0.0,0.0,
312,113,Jordan Veretout,France,MF,,0,1,0,0,,0,33.0,36.0,91.7,2.0,0,2.0,43.0,1.0,0.0,
313,119,Jordi Alba,Spain,DF,,2,4,0,2,,0,328.0,372.0,88.2,6.0,3,2.0,392.0,0.0,0.0,
314,111,Jorge Eduardo Sánchez,Mexico,DF,,1,2,0,0,,1,69.0,87.0,79.3,1.0,3,8.0,113.0,4.0,0.0,
315,105,Josh Sargent,United States,FW,,1,3,0,0,,1,29.0,33.0,87.9,0.0,1,0.0,48.0,4.0,0.4,
316,117,Joshua Kimmich,Germany,MF,,3,3,0,0,,4,226.0,267.0,84.6,5.0,3,1.0,301.0,3.0,0.4,
317,116,Josip Juranović,Croatia,DF,,6,6,0,1,,0,318.0,405.0,78.5,12.0,3,15.0,450.0,4.0,0.0,
318,116,Josip Stanišić,Croatia,DF,,1,1,0,0,,0,36.0,49.0,73.5,3.0,1,0.0,56.0,0.0,0.0,
319,116,Josip Šutalo,Croatia,DF,,1,1,0,0,,0,62.0,66.0,93.9,0.0,0,5.0,73.0,0.0,0.0,
320,100,José Cifuentes,Ecuador,MF,,0,2,0,0,,1,33.0,44.0,75.0,2.0,0,1.0,52.0,1.0,0.0,
321,125,José María Giménez,Uruguay,DF,,3,3,0,0,,0,141.0,174.0,81.0,4.0,7,11.0,213.0,1.0,0.2,
322,127,João Cancelo,Portugal,DF,,3,4,0,0,,1,221.0,271.0,81.5,7.0,2,8.0,311.0,1.0,0.0,
323,127,João Félix,Portugal,FW,,3,4,1,2,,3,91.0,122.0,74.6,4.0,1,1.0,153.0,0.0,0.9,
324,127,João Mário,Portugal,FW,,0,2,0,0,,0,37.0,40.0,92.5,2.0,0,0.0,52.0,0.0,0.0,
325,127,João Palhinha,Portugal,MF,,0,3,0,0,,0,26.0,31.0,83.9,2.0,1,1.0,41.0,1.0,0.0,
326,116,Joško Gvardiol,Croatia,DF,,7,7,1,0,,1,464.0,519.0,89.4,9.0,11,37.0,601.0,2.0,0.1,
327,107,Juan Foyth,Argentina,DF,,0,1,0,0,,0,3.0,4.0,75.0,0.0,0,0.0,5.0,0.0,0.0,
328,120,Juan Pablo Vargas,Costa Rica,DF,,1,1,1,0,,2,19.0,24.0,79.2,4.0,2,10.0,41.0,0.0,0.5,
329,101,Jude Bellingham,England,MF,,4,5,1,1,,3,235.0,265.0,88.7,16.0,5,0.0,324.0,6.0,0.6,
330,113,Jules Koundé,France,DF,,5,6,0,0,,1,252.0,311.0,81.0,11.0,5,8.0,352.0,2.0,0.2,
331,107,Julián Álvarez,Argentina,FW,,5,7,4,0,,8,93.0,121.0,76.9,4.0,0,3.0,174.0,7.0,2.6,
332,126,Jung Woo-young,Korea Republic,MF,,3,4,0,0,,0,178.0,211.0,84.4,5.0,3,7.0,239.0,2.0,0.0,
333,122,Junior Hoilett,Canada,FW,,1,3,0,0,,0,43.0,59.0,72.9,8.0,1,0.0,78.0,2.0,0.1,
334,118,Junya Ito,Japan,MF,,3,4,0,1,,1,59.0,97.0,60.8,7.0,5,6.0,134.0,3.0,0.2,
335,104,Jurriën Timber,Netherlands,DF,,4,4,0,0,,0,283.0,313.0,90.4,12.0,10,13.0,361.0,2.0,0.0,
336,117,Kai Havertz,Germany,FW,,1,2,2,0,,3,27.0,34.0,79.4,1.0,1,0.0,46.0,0.0,1.4,
337,103,Kalidou Koulibaly,Senegal,DF,,4,4,1,0,,1,156.0,205.0,76.1,12.0,2,30.0,260.0,1.0,0.5,
338,101,Kalvin Phillips,England,MF,,0,2,0,1,,0,17.0,19.0,89.5,0.0,0,1.0,20.0,0.0,0.0,
339,122,Kamal Miller,Canada,DF,,3,3,0,0,,0,186.0,205.0,90.7,6.0,4,11.0,229.0,1.0,0.0,
340,128,Kamaldeen Sulemana,Ghana,FW,,0,2,0,0,,1,10.0,19.0,52.6,0.0,0,2.0,28.0,1.0,0.1,
341,112,Kamil Glik,Poland,DF,,4,4,0,0,,0,118.0,130.0,90.8,2.0,3,23.0,167.0,0.0,0.2,
342,112,Kamil Grosicki,Poland,MF,,0,1,0,0,,0,4.0,6.0,66.7,0.0,0,0.0,6.0,0.0,0.0,
343,118,Kaoru Mitoma,Japan,MF,,1,4,0,1,,1,50.0,70.0,71.4,7.0,2,5.0,100.0,2.0,0.1,
344,102,Karim Ansarifard,IR Iran,FW,,0,2,0,0,,0,4.0,5.0,80.0,0.0,1,0.0,11.0,1.0,0.1,
345,99,Karim Boudiaf,Qatar,MF,,2,3,0,0,,0,94.0,106.0,88.7,2.0,0,3.0,122.0,2.0,0.0,
346,124,Karl Toko Ekambi,Cameroon,FW,,1,3,0,0,,1,43.0,53.0,81.1,1.0,2,0.0,66.0,4.0,0.2,
347,112,Karol Świderski,Poland,FW,,0,1,0,0,,0,7.0,7.0,100.0,4.0,2,0.0,14.0,0.0,0.0,
348,109,Kasper Dolberg,Denmark,FW,,1,3,0,0,,1,15.0,18.0,83.3,1.0,0,1.0,34.0,4.0,0.4,
349,109,Kasper Schmeichel,Denmark,GK,,3,3,0,0,,0,72.0,87.0,82.8,0.0,0,0.0,91.0,0.0,0.0,
350,114,Keanu Baccus,Australia,MF,,1,4,0,0,,0,26.0,41.0,63.4,1.0,2,1.0,59.0,2.0,0.0,
351,105,Kellyn Acosta,United States,MF,,0,2,0,0,,0,10.0,12.0,83.3,3.0,0,0.0,16.0,0.0,0.0,
352,120,Kendall Waston,Costa Rica,DF,,2,3,0,0,,1,57.0,71.0,80.3,7.0,5,14.0,107.0,1.0,0.2,
353,104,Kenneth Taylor,Netherlands,MF,,0,1,0,0,,0,8.0,8.0,100.0,0.0,0,0.0,9.0,0.0,0.0,
354,121,Kevin De Bruyne,Belgium,FW,,3,3,0,0,,2,93.0,136.0,68.4,1.0,0,3.0,163.0,4.0,0.2,
355,100,Kevin Rodríguez,Ecuador,FW,,0,2,0,0,,1,,,,,0,,,,,
356,111,Kevin Álvarez,Mexico,DF,,0,2,0,0,,0,19.0,29.0,65.5,1.0,1,2.0,38.0,1.0,0.0,
357,120,Keylor Navas,Costa Rica,GK,,3,3,0,0,,0,61.0,102.0,59.8,1.0,1,2.0,114.0,0.0,0.0,
358,120,Keysher Fuller,Costa Rica,DF,,2,3,1,0,,2,44.0,63.0,69.8,4.0,3,9.0,92.0,1.0,0.4,
359,106,Kieffer Moore,Wales,FW,,2,3,0,0,,2,36.0,56.0,64.3,1.0,2,7.0,95.0,3.0,1.0,
360,101,Kieran Trippier,England,DF,,2,3,0,0,,0,165.0,195.0,84.6,6.0,1,4.0,205.0,1.0,0.0,
361,126,Kim Jin-su,Korea Republic,DF,,3,4,0,1,,0,105.0,146.0,71.9,10.0,3,5.0,175.0,0.0,0.3,
362,126,Kim Min-jae,Korea Republic,DF,,3,3,0,0,,0,167.0,191.0,87.4,2.0,2,8.0,213.0,0.0,0.1,
363,126,Kim Moonhwan,Korea Republic,DF,,4,4,0,0,,0,201.0,242.0,83.1,9.0,4,16.0,289.0,2.0,0.0,
364,126,Kim Seung-gyu,Korea Republic,GK,,4,4,0,0,,0,93.0,128.0,72.7,0.0,2,2.0,139.0,0.0,0.0,
365,126,Kim Young-gwon,Korea Republic,DF,,3,4,1,0,,1,178.0,209.0,85.2,3.0,3,11.0,232.0,0.0,0.8,
366,113,Kingsley Coman,France,FW,,1,6,0,0,,0,56.0,72.0,77.8,3.0,2,1.0,102.0,7.0,0.2,
367,118,Ko Itakura,Japan,DF,,3,3,0,1,,1,98.0,111.0,88.3,9.0,4,16.0,150.0,1.0,0.2,
368,119,Koke,Spain,MF,,0,2,0,0,,0,56.0,62.0,90.3,1.0,0,0.0,68.0,0.0,0.0,
369,116,Kristijan Jakić,Croatia,FW,,0,1,0,0,,0,0.0,0.0,,0.0,0,0.0,0.0,0.0,0.0,
370,112,Krystian Bielik,Poland,MF,,2,4,0,0,,0,86.0,99.0,86.9,5.0,5,6.0,129.0,3.0,0.2,
371,112,Krzysztof Piątek,Poland,FW,,0,2,0,0,,0,2.0,6.0,33.3,0.0,0,0.0,9.0,1.0,0.0,
372,103,Krépin Diatta,Senegal,FW,,2,3,0,0,,1,60.0,73.0,82.2,0.0,0,0.0,88.0,7.0,0.1,
373,128,Kudus Mohammed,Ghana,FW,,2,3,2,0,,4,62.0,87.0,71.3,5.0,1,0.0,118.0,6.0,0.8,
374,126,Kwon Chang-hoon,Korea Republic,FW,,0,1,0,0,,0,19.0,25.0,76.0,1.0,0,0.0,28.0,1.0,0.0,
375,126,Kwon Kyung-won,Korea Republic,DF,,1,2,0,0,,0,39.0,43.0,90.7,0.0,2,5.0,53.0,0.0,0.0,
376,114,Kye Rowles,Australia,DF,,4,4,0,0,,0,165.0,187.0,88.2,8.0,7,16.0,231.0,0.0,0.0,
377,101,Kyle Walker,England,DF,,2,3,0,0,,0,162.0,181.0,89.5,3.0,3,3.0,198.0,0.0,0.0,
378,113,Kylian Mbappé,France,FW,,6,7,8,2,,11,173.0,229.0,75.5,0.0,0,0.0,325.0,10.0,5.2,
379,107,Lautaro Martínez,Argentina,FW,,2,6,0,0,,4,46.0,62.0,74.2,0.0,1,0.0,96.0,6.0,1.8,
380,128,Lawrence Ati-Zigi,Ghana,GK,,3,3,0,0,,0,54.0,78.0,69.2,0.0,0,0.0,87.0,0.0,0.0,
381,121,Leander Dendoncker,Belgium,DF,,1,2,0,0,,0,119.0,122.0,97.5,6.0,0,5.0,142.0,1.0,0.1,
382,107,Leandro Paredes,Argentina,MF,,2,5,0,0,,1,230.0,246.0,93.5,10.0,3,4.0,269.0,0.0,0.0,
383,121,Leandro Trossard,Belgium,FW,,1,3,0,0,,0,43.0,57.0,75.4,1.0,0,0.0,66.0,1.0,0.0,
384,126,Lee Jae-sung,Korea Republic,MF,,2,3,0,0,,0,84.0,97.0,86.6,5.0,3,2.0,116.0,0.0,0.0,
385,126,Lee Kangin,Korea Republic,MF,,1,4,0,1,,1,62.0,77.0,80.5,4.0,0,0.0,91.0,3.0,0.2,
386,117,Leon Goretzka,Germany,MF,,1,3,0,0,,1,42.0,57.0,73.7,5.0,1,0.0,72.0,2.0,0.5,
387,117,Leroy Sané,Germany,FW,,1,2,0,1,,0,47.0,58.0,81.0,1.0,0,1.0,68.0,3.0,0.1,
388,122,Liam Millar,Canada,DF,,0,1,0,0,,0,4.0,9.0,44.4,0.0,0,0.0,9.0,0.0,0.0,
389,107,Lionel Messi,Argentina,FW,,7,7,7,3,,13,301.0,372.0,80.9,5.0,0,0.0,460.0,24.0,6.6,
390,107,Lisandro Martínez,Argentina,DF,,3,5,0,0,,0,133.0,156.0,85.3,6.0,3,14.0,188.0,0.0,0.1,
391,116,Lovro Majer,Croatia,MF,,1,7,1,0,,2,78.0,98.0,79.6,3.0,0,2.0,122.0,6.0,0.7,
392,121,Loïs Openda,Belgium,FW,,0,1,0,0,,0,3.0,5.0,60.0,1.0,0,0.0,9.0,0.0,0.0,
393,122,Lucas Cavallini,Canada,FW,,0,1,0,0,,0,2.0,2.0,100.0,0.0,0,0.0,3.0,0.0,0.0,
394,113,Lucas Hernández,France,DF,,0,1,0,0,,0,5.0,10.0,50.0,1.0,0,0.0,10.0,0.0,0.0,
395,129,Lucas Paquetá,Brazil,MF,,3,4,1,1,,4,169.0,202.0,83.7,7.0,2,4.0,229.0,4.0,0.8,
396,111,Luis Chávez,Mexico,MF,,3,3,1,0,,4,99.0,139.0,71.2,1.0,1,3.0,171.0,2.0,0.3,
397,125,Luis Suárez,Uruguay,FW,,1,3,0,1,,1,25.0,40.0,62.5,1.0,0,2.0,52.0,0.0,0.4,
398,130,Luka Jović,Serbia,FW,,0,1,0,0,,0,6.0,10.0,60.0,0.0,1,0.0,14.0,1.0,0.1,
399,116,Luka Modrić,Croatia,MF,,7,7,0,0,,4,465.0,551.0,84.4,16.0,10,3.0,615.0,7.0,0.4,
400,117,Lukas Klostermann,Germany,DF,,0,2,0,0,,0,51.0,52.0,98.1,3.0,0,1.0,56.0,0.0,0.0,
401,101,Luke Shaw,England,DF,,4,5,0,1,,1,335.0,400.0,83.8,3.0,4,5.0,419.0,2.0,0.1,
402,104,Luuk de Jong,Netherlands,FW,,0,1,0,0,,0,8.0,12.0,66.7,2.0,0,1.0,19.0,2.0,0.1,
403,102,Majid Hosseini,IR Iran,DF,,3,3,0,0,,0,86.0,106.0,81.1,7.0,6,11.0,137.0,1.0,0.0,
404,123,Manuel Akanji,Switzerland,DF,,4,4,1,0,,1,229.0,259.0,88.4,4.0,3,12.0,287.0,1.0,1.1,
405,117,Manuel Neuer,Germany,GK,,3,3,0,0,,0,115.0,127.0,90.6,0.0,0,0.0,133.0,0.0,0.0,
406,116,Marcelo Brozović,Croatia,MF,,6,6,0,0,,2,466.0,530.0,87.9,13.0,4,7.0,594.0,8.0,0.5,
407,119,Marco Asensio,Spain,FW,,2,4,1,0,,2,89.0,119.0,74.8,1.0,0,0.0,150.0,3.0,1.2,
408,107,Marcos Acuña,Argentina,DF,,4,6,0,0,,0,167.0,217.0,77.0,12.0,2,9.0,269.0,4.0,0.1,
409,119,Marcos Llorente,Spain,DF,,1,1,0,0,,0,95.0,106.0,89.6,0.0,0,0.0,107.0,0.0,0.0,
410,101,Marcus Rashford,England,FW,,1,5,3,0,,6,49.0,66.0,74.2,1.0,1,1.0,92.0,1.0,1.6,
411,113,Marcus Thuram,France,FW,,1,5,0,2,,0,27.0,39.0,69.2,3.0,0,2.0,74.0,4.0,0.2,
412,117,Mario Götze,Germany,MF,,0,2,0,0,,1,21.0,23.0,91.3,1.0,0,0.0,31.0,0.0,0.1,
413,116,Mario Pašalić,Croatia,FW,,3,7,0,0,,0,76.0,95.0,80.0,7.0,3,3.0,132.0,3.0,0.3,
414,122,Mark-Anthony Kaye,Canada,MF,,0,1,0,0,,0,51.0,61.0,83.6,2.0,0,0.0,68.0,0.0,0.0,
415,130,Marko Grujić,Serbia,MF,,0,1,0,0,,1,14.0,17.0,82.4,1.0,0,1.0,20.0,0.0,0.0,
416,116,Marko Livaja,Croatia,FW,,2,6,1,1,,4,35.0,58.0,60.3,2.0,1,1.0,83.0,2.0,0.8,
417,129,Marquinhos,Brazil,DF,,4,5,0,0,,0,352.0,368.0,95.7,5.0,2,6.0,392.0,0.0,0.2,
418,104,Marten de Roon,Netherlands,MF,,2,5,0,0,,0,97.0,119.0,81.5,7.0,2,6.0,142.0,0.0,0.0,
419,109,Martin Braithwaite,Denmark,FW,,1,2,0,0,,0,14.0,20.0,70.0,0.0,0,0.0,24.0,1.0,0.1,
420,124,Martin Hongla,Cameroon,MF,,1,2,0,0,,1,49.0,61.0,80.3,0.0,2,3.0,73.0,0.0,0.1,
421,129,Martinelli,Brazil,FW,,1,3,0,0,,3,34.0,45.0,75.6,2.0,0,1.0,70.0,2.0,0.5,
422,125,Martín Cáceres,Uruguay,DF,,1,1,0,0,,0,68.0,79.0,86.1,0.0,0,2.0,83.0,0.0,0.0,
423,101,Mason Mount,England,MF,,2,4,0,0,,1,61.0,73.0,83.6,2.0,0,0.0,91.0,2.0,0.2,
424,116,Mateo Kovačić,Croatia,MF,,7,7,0,0,,1,415.0,460.0,90.2,24.0,4,5.0,521.0,7.0,0.3,
425,127,Matheus Nunes,Portugal,MF,,0,2,0,0,,0,28.0,33.0,84.8,0.0,0,0.0,39.0,1.0,0.0,
426,114,Mathew Leckie,Australia,MF,,3,4,1,1,,1,67.0,103.0,65.0,4.0,1,6.0,157.0,7.0,0.1,
427,114,Mathew Ryan,Australia,GK,,4,4,0,0,,0,113.0,164.0,68.9,0.0,0,6.0,176.0,0.0,0.0,
428,109,Mathias Jensen,Denmark,MF,,0,2,0,0,,1,52.0,67.0,77.6,1.0,0,0.0,76.0,0.0,0.1,
429,125,Mathías Olivera,Uruguay,DF,,2,3,0,0,,0,104.0,133.0,78.2,9.0,2,10.0,178.0,2.0,0.1,
430,105,Matt Turner,United States,GK,,4,4,0,0,,0,101.0,128.0,78.9,0.0,0,1.0,137.0,0.0,0.0,
431,117,Matthias Ginter,Germany,DF,,0,1,0,0,,0,3.0,3.0,100.0,0.0,0,0.0,3.0,0.0,0.0,
432,104,Matthijs de Ligt,Netherlands,DF,,1,2,0,0,,0,41.0,45.0,91.1,0.0,0,4.0,49.0,1.0,0.0,
433,112,Matty Cash,Poland,DF,,4,4,0,0,,0,123.0,160.0,76.9,4.0,0,17.0,197.0,2.0,0.0,
434,113,Mattéo Guendouzi,France,FW,,0,1,0,0,,0,27.0,33.0,81.8,1.0,0,0.0,36.0,1.0,0.0,
435,125,Matías Vecino,Uruguay,MF,,2,3,0,0,,1,76.0,106.0,71.7,4.0,4,1.0,130.0,1.0,0.1,
436,125,Matías Viña,Uruguay,DF,,0,2,0,0,,0,11.0,21.0,52.4,4.0,0,0.0,26.0,1.0,0.0,
437,125,Maxi Gómez,Uruguay,FW,,0,2,0,0,,1,5.0,7.0,71.4,0.0,0,0.0,9.0,0.0,0.1,
438,118,Maya Yoshida,Japan,DF,,4,4,0,1,,0,198.0,232.0,85.3,4.0,3,24.0,277.0,1.0,0.0,
439,102,Mehdi Taremi,IR Iran,FW,,3,3,2,1,,1,58.0,78.0,74.4,4.0,2,3.0,123.0,5.0,1.3,
440,102,Mehdi Torabi,IR Iran,MF,,0,3,0,0,,0,30.0,37.0,81.1,1.0,2,0.0,48.0,0.0,0.1,
441,104,Memphis,Netherlands,FW,,3,5,1,0,,5,93.0,123.0,75.6,1.0,1,0.0,165.0,7.0,1.5,
442,99,Meshaal Barsham,Qatar,GK,,2,2,0,0,,0,45.0,63.0,71.4,0.0,0,1.0,69.0,0.0,0.0,
443,100,Michael Estrada,Ecuador,FW,,2,3,0,0,,0,28.0,50.0,56.0,1.0,0,0.0,71.0,2.0,0.3,
444,112,Michał Skóraś,Poland,MF,,0,1,0,0,,0,8.0,9.0,88.9,0.0,1,0.0,12.0,0.0,0.0,
445,123,Michel Aebischer,Switzerland,MF,,0,1,0,0,,0,2.0,4.0,50.0,0.0,0,0.0,4.0,0.0,0.0,
446,121,Michy Batshuayi,Belgium,FW,,1,2,1,0,,2,16.0,24.0,66.7,1.0,0,0.0,42.0,4.0,0.8,
447,118,Miki Yamane,Japan,DF,,0,1,0,0,,0,24.0,33.0,72.7,1.0,2,0.0,36.0,0.0,0.0,
448,109,Mikkel Damsgaard,Denmark,MF,,1,3,0,0,,0,55.0,72.0,76.4,4.0,2,1.0,91.0,2.0,0.0,
449,102,Milad Mohammadi,IR Iran,DF,,2,3,0,0,,0,44.0,68.0,64.7,10.0,1,6.0,90.0,2.0,0.0,
450,122,Milan Borjan,Canada,GK,,3,3,0,0,,0,76.0,98.0,77.6,0.0,0,2.0,105.0,0.0,0.0,
451,114,Miloš Degenek,Australia,DF,,2,4,0,0,,0,67.0,101.0,66.3,6.0,1,9.0,123.0,1.0,0.0,
452,130,Miloš Veljković,Serbia,DF,,2,3,0,0,,0,98.0,112.0,87.5,4.0,0,7.0,127.0,0.0,0.0,
453,116,Mislav Oršić,Croatia,FW,,1,6,1,2,,2,40.0,54.0,74.1,3.0,0,1.0,81.0,0.0,0.4,
454,114,Mitchell Duke,Australia,FW,,3,4,1,0,,4,36.0,63.0,57.1,0.0,2,1.0,96.0,1.0,0.4,
455,110,Mohamed Ali Ben Romdhane,Tunisia,MF,,0,1,0,0,,0,14.0,21.0,66.7,5.0,0,0.0,31.0,5.0,0.0,
456,110,Mohamed Dräger,Tunisia,DF,,1,2,0,0,,0,36.0,50.0,72.0,5.0,1,4.0,70.0,0.0,0.2,
457,108,Mohamed Kanno,Saudi Arabia,MF,,3,3,0,0,,1,119.0,147.0,81.0,6.0,2,7.0,184.0,1.0,0.3,
458,108,Mohammed Al-Breik,Saudi Arabia,DF,,0,2,0,0,,1,39.0,48.0,81.3,1.0,1,4.0,57.0,0.0,0.4,
459,108,Mohammed Al-Owais,Saudi Arabia,GK,,3,3,0,0,,0,57.0,100.0,57.0,0.0,0,4.0,113.0,0.0,0.0,
460,99,Mohammed Muntari,Qatar,FW,,0,3,1,0,,1,17.0,19.0,89.5,2.0,0,2.0,28.0,0.0,0.2,
461,128,Mohammed Salisu,Ghana,DF,,3,3,1,0,,1,109.0,151.0,72.2,2.0,3,17.0,184.0,1.0,0.8,
462,99,Mohammed Waad,Qatar,MF,,0,2,0,0,,0,9.0,12.0,75.0,0.0,1,1.0,16.0,0.0,0.0,
463,100,Moisés Caicedo,Ecuador,MF,,3,3,1,0,,1,126.0,153.0,82.4,6.0,2,2.0,173.0,1.0,0.5,
464,110,Montassar Talbi,Tunisia,DF,,3,3,0,0,,1,118.0,137.0,86.1,2.0,2,18.0,177.0,1.0,0.0,
465,102,Morteza Pouraliganji,IR Iran,DF,,3,3,0,0,,0,92.0,128.0,71.9,2.0,6,10.0,156.0,0.0,0.1,
466,124,Moumi Ngamaleu,Cameroon,FW,,1,2,0,0,,0,21.0,25.0,84.0,3.0,0,0.0,34.0,3.0,0.0,
467,115,Munir,Morocco,GK,,1,1,0,0,,0,19.0,28.0,67.9,0.0,0,0.0,31.0,0.0,0.0,
468,99,Musab Kheder,Qatar,DF,,0,1,0,0,,0,3.0,3.0,100.0,1.0,0,0.0,5.0,0.0,0.0,
469,126,Na Sang-ho,Korea Republic,FW,,1,2,0,0,,1,24.0,37.0,64.9,4.0,0,2.0,60.0,4.0,0.0,
470,110,Nader Ghandri,Tunisia,DF,,1,1,0,0,,0,27.0,33.0,81.8,2.0,1,4.0,45.0,0.0,0.0,
471,107,Nahuel Molina,Argentina,DF,,6,7,1,1,,1,291.0,358.0,81.3,8.0,3,11.0,398.0,3.0,0.5,
472,103,Nampalys Mendy,Senegal,MF,,3,4,0,0,,0,141.0,159.0,88.7,4.0,3,3.0,182.0,0.0,0.1,
473,108,Nasser Al-Dawsari,Saudi Arabia,FW,,0,1,0,0,,0,11.0,11.0,100.0,2.0,0,0.0,13.0,1.0,0.0,
474,104,Nathan Aké,Netherlands,DF,,5,5,0,0,,0,315.0,349.0,90.3,6.0,8,20.0,393.0,0.0,0.0,
475,114,Nathaniel Atkinson,Australia,DF,,0,1,0,0,,0,27.0,34.0,79.4,4.0,1,2.0,43.0,3.0,0.0,
476,108,Nawaf Al Abed,Saudi Arabia,MF,,1,2,0,0,,0,33.0,39.0,84.6,0.0,1,0.0,51.0,5.0,0.1,
477,115,Nayef Aguerd,Morocco,DF,,3,4,0,0,,0,137.0,158.0,86.7,4.0,4,12.0,185.0,0.0,0.2,
478,110,Naïm Sliti,Tunisia,MF,,1,2,0,0,,0,29.0,51.0,56.9,3.0,0,1.0,67.0,1.0,0.1,
479,106,Neco Williams,Wales,DF,,2,3,0,0,,0,69.0,101.0,68.3,5.0,4,5.0,138.0,2.0,0.1,
480,130,Nemanja Gudelj,Serbia,MF,,1,2,0,0,,0,44.0,52.0,84.6,2.0,2,1.0,59.0,2.0,0.0,
481,130,Nemanja Maksimović,Serbia,MF,,1,3,0,0,,0,50.0,57.0,87.7,4.0,3,3.0,75.0,1.0,0.0,
482,130,Nemanja Radonjić,Serbia,DF,,0,3,0,0,,0,15.0,24.0,62.5,0.0,0,1.0,36.0,1.0,0.1,
483,129,Neymar,Brazil,MF,,3,3,2,0,,6,121.0,153.0,79.1,1.0,1,0.0,203.0,12.0,2.7,
484,117,Niclas Füllkrug,Germany,FW,,0,3,2,1,,3,15.0,24.0,62.5,0.0,0,0.0,38.0,0.0,2.2,
485,123,Nico Elvedi,Switzerland,DF,,2,2,0,0,,0,131.0,142.0,92.3,2.0,1,13.0,165.0,0.0,0.1,
486,117,Nico Schlotterbeck,Germany,DF,,1,2,0,0,,0,110.0,123.0,89.4,4.0,1,1.0,135.0,1.0,0.0,
487,119,Nico Williams,Spain,FW,,1,4,0,0,,0,50.0,63.0,79.4,4.0,0,0.0,88.0,2.0,0.1,
488,112,Nicola Zalewski,Poland,MF,,0,2,0,0,,0,15.0,17.0,88.2,4.0,0,0.0,29.0,1.0,0.0,
489,103,Nicolas Jackson,Senegal,FW,,0,1,0,0,,0,9.0,10.0,90.0,0.0,0,0.0,11.0,0.0,0.0,
490,124,Nicolas Nkoulou,Cameroon,DF,,2,2,0,1,,1,79.0,91.0,86.8,2.0,5,8.0,115.0,0.0,0.3,
491,125,Nicolás De La Cruz,Uruguay,MF,,0,2,0,0,,1,20.0,25.0,80.0,0.0,0,0.0,28.0,1.0,0.0,
492,107,Nicolás Otamendi,Argentina,DF,,7,7,0,1,,0,532.0,577.0,92.2,10.0,9,24.0,639.0,1.0,0.0,
493,107,Nicolás Tagliafico,Argentina,DF,,4,6,0,0,,1,145.0,178.0,81.5,7.0,9,9.0,220.0,1.0,1.0,
494,117,Niklas Süle,Germany,DF,,3,3,0,0,,0,231.0,255.0,90.6,5.0,0,7.0,268.0,1.0,0.1,
495,130,Nikola Milenković,Serbia,DF,,3,3,0,0,,0,141.0,163.0,86.5,10.0,6,10.0,198.0,0.0,0.2,
496,116,Nikola Vlašić,Croatia,FW,,2,6,0,0,,1,45.0,55.0,81.8,1.0,1,0.0,80.0,6.0,0.4,
497,104,Noa Lang,Netherlands,MF,,0,1,0,0,,0,1.0,3.0,33.3,0.0,1,1.0,5.0,0.0,0.0,
498,123,Noah Okafor,Switzerland,FW,,0,3,0,0,,0,17.0,22.0,77.3,0.0,0,0.0,29.0,1.0,0.0,
499,124,Nouhou Tolo,Cameroon,DF,,3,3,0,0,,0,83.0,109.0,76.1,8.0,6,10.0,145.0,0.0,0.0,
500,115,Noussair Mazraoui,Morocco,DF,,4,5,0,0,,2,98.0,121.0,81.0,14.0,1,16.0,175.0,1.0,0.2,
501,127,Nuno Mendes,Portugal,DF,,0,1,0,0,,0,29.0,32.0,90.6,0.0,2,0.0,36.0,0.0,0.0,
502,111,Néstor Araujo,Mexico,DF,,1,1,0,0,,0,44.0,53.0,83.0,1.0,3,1.0,62.0,1.0,0.0,
503,113,Olivier Giroud,France,FW,,4,6,4,0,,6,48.0,74.0,64.9,1.0,1,5.0,111.0,1.0,3.4,
504,124,Olivier Ntcham,Cameroon,MF,,0,1,0,0,,1,11.0,12.0,91.7,0.0,0,1.0,14.0,0.0,0.0,
505,111,Orbelín Pineda,Mexico,MF,,0,1,0,0,,1,18.0,25.0,72.0,4.0,0,0.0,46.0,3.0,0.3,
506,128,Osman Bukari,Ghana,MF,,0,2,1,0,,1,14.0,20.0,70.0,0.0,1,1.0,29.0,1.0,0.5,
507,127,Otávio,Portugal,MF,,2,3,0,0,,2,98.0,127.0,77.2,7.0,1,1.0,145.0,3.0,0.1,
508,113,Ousmane Dembélé,France,FW,,4,7,0,2,,2,144.0,191.0,75.4,11.0,3,0.0,241.0,6.0,0.5,
509,119,Pablo Sarabia,Spain,FW,,0,1,0,0,,0,2.0,5.0,40.0,0.0,0,0.0,6.0,0.0,0.1,
510,126,Paik Seung-ho,Korea Republic,MF,,0,1,1,0,,1,20.0,27.0,74.1,3.0,0,0.0,30.0,0.0,0.0,
511,103,Pape Abou Cissé,Senegal,DF,,1,3,0,0,,0,28.0,37.0,75.7,0.0,2,6.0,49.0,0.0,0.0,
512,103,Pape Gueye,Senegal,MF,,1,3,0,0,,2,45.0,62.0,72.6,4.0,2,2.0,81.0,3.0,0.1,
513,103,Pape Matar Sarr,Senegal,MF,,0,2,0,0,,0,36.0,43.0,83.7,3.0,0,2.0,54.0,2.0,0.1,
514,107,Papu Gómez,Argentina,MF,,1,2,0,0,,0,53.0,60.0,88.3,2.0,1,0.0,69.0,1.0,0.0,
515,103,Pathé Ciss,Senegal,MF,,1,3,0,0,,0,46.0,57.0,80.7,3.0,2,4.0,74.0,1.0,0.0,
516,119,Pau Torres,Spain,DF,,1,1,0,0,,0,174.0,191.0,91.1,0.0,0,2.0,194.0,0.0,0.0,
517,107,Paulo Dybala,Argentina,FW,,0,2,0,0,,0,8.0,12.0,66.7,3.0,0,1.0,20.0,1.0,0.0,
518,119,Pedri,Spain,MF,,4,4,0,0,,0,393.0,434.0,90.6,4.0,4,3.0,462.0,5.0,0.0,
519,129,Pedro,Brazil,FW,,0,2,0,0,,1,10.0,13.0,76.9,2.0,1,0.0,25.0,1.0,0.5,
520,127,Pepe,Portugal,DF,,4,4,1,0,,1,243.0,295.0,82.4,5.0,6,11.0,330.0,1.0,0.4,
521,100,Pervis Estupiñán,Ecuador,DF,,3,3,0,0,,1,148.0,190.0,77.9,6.0,3,6.0,217.0,4.0,0.1,
522,101,Phil Foden,England,FW,,2,4,1,2,,1,90.0,117.0,76.9,1.0,1,0.0,143.0,1.0,1.1,
523,100,Piero Hincapié,Ecuador,DF,,3,3,0,0,,0,168.0,200.0,84.0,7.0,2,9.0,227.0,0.0,0.0,
524,109,Pierre Højbjerg,Denmark,MF,,3,3,0,0,,1,200.0,224.0,89.3,4.0,3,6.0,249.0,2.0,0.0,
525,124,Pierre Kunde,Cameroon,MF,,1,2,0,0,,2,38.0,49.0,77.6,4.0,4,4.0,70.0,3.0,0.2,
526,112,Piotr Zieliński,Poland,MF,,3,4,1,0,,2,124.0,153.0,81.0,7.0,1,7.0,178.0,1.0,0.6,
527,112,Przemysław Frankowski,Poland,MF,,2,4,0,0,,0,49.0,74.0,66.2,7.0,3,5.0,97.0,3.0,0.0,
528,127,Rafael Leão,Portugal,FW,,1,5,2,0,,2,32.0,47.0,68.1,0.0,1,0.0,63.0,2.0,0.4,
529,101,Raheem Sterling,England,FW,,1,3,1,1,,1,45.0,55.0,81.8,1.0,1,0.0,68.0,3.0,0.4,
530,102,Ramin Rezaeian,IR Iran,DF,,2,2,1,0,,1,73.0,105.0,69.5,7.0,3,2.0,130.0,3.0,0.3,
531,113,Randal Kolo Muani,France,FW,,2,3,1,0,,2,25.0,44.0,56.8,7.0,1,1.0,76.0,6.0,1.1,
532,127,Raphaël Guerreiro,Portugal,DF,,3,4,1,2,,1,156.0,185.0,84.3,3.0,3,2.0,207.0,1.0,0.4,
533,113,Raphaël Varane,France,DF,,5,6,0,0,,0,256.0,286.0,89.5,1.0,6,15.0,322.0,0.0,0.3,
534,129,Raphinha,Brazil,FW,,3,5,0,1,,6,111.0,150.0,74.0,8.0,3,0.0,189.0,4.0,1.2,
535,109,Rasmus Nissen,Denmark,DF,,2,3,0,0,,0,137.0,179.0,76.5,8.0,1,7.0,204.0,3.0,0.0,
536,111,Raúl Jiménez,Mexico,FW,,0,3,0,0,,0,20.0,32.0,62.5,0.0,1,1.0,37.0,0.0,0.0,
537,123,Remo Freuler,Switzerland,MF,,3,4,1,0,,1,127.0,154.0,82.5,8.0,3,3.0,197.0,0.0,0.5,
538,123,Renato Steffen,Switzerland,FW,,0,1,0,0,,0,13.0,15.0,86.7,0.0,0,0.0,19.0,2.0,0.0,
539,127,Ricardo Horta,Portugal,FW,,1,3,1,0,,2,31.0,46.0,67.4,2.0,1,0.0,55.0,0.0,0.8,
540,123,Ricardo Rodríguez,Switzerland,DF,,4,4,0,0,,0,164.0,229.0,71.6,7.0,0,8.0,247.0,3.0,0.0,
541,129,Richarlison,Brazil,FW,,3,4,3,0,,4,40.0,58.0,69.0,2.0,1,4.0,97.0,3.0,2.1,
542,122,Richie Laryea,Canada,DF,,1,3,0,0,,0,35.0,47.0,74.5,3.0,0,3.0,73.0,1.0,0.1,
543,114,Riley McGree,Australia,FW,,2,4,0,1,,1,57.0,75.0,76.0,2.0,5,3.0,107.0,2.0,0.1,
544,118,Ritsu Doan,Japan,FW,,2,4,2,0,,3,36.0,56.0,64.3,6.0,3,2.0,95.0,3.0,0.5,
545,108,Riyadh Sharahili,Saudi Arabia,MF,,0,1,0,0,,0,14.0,17.0,82.4,0.0,2,4.0,28.0,1.0,0.0,
546,120,Roan Wilson,Costa Rica,MF,,0,1,0,0,,0,4.0,4.0,100.0,0.0,0,1.0,8.0,0.0,0.0,
547,112,Robert Lewandowski,Poland,FW,,4,4,2,1,,2,61.0,91.0,67.0,2.0,1,8.0,153.0,6.0,2.9,
548,109,Robert Skov,Denmark,DF,,0,1,0,0,,0,17.0,21.0,81.0,0.0,0,0.0,24.0,0.0,0.0,
549,111,Roberto Alvarado,Mexico,FW,,0,1,0,0,,0,5.0,10.0,50.0,0.0,0,0.0,12.0,0.0,0.0,
550,119,Rodri,Spain,DF,,4,4,0,0,,0,642.0,689.0,93.2,5.0,3,9.0,710.0,0.0,0.0,
551,125,Rodrigo Bentancur,Uruguay,MF,,2,3,0,0,,1,136.0,160.0,85.0,9.0,7,5.0,197.0,3.0,0.6,
552,107,Rodrigo De Paul,Argentina,MF,,6,7,0,0,,3,470.0,562.0,83.6,11.0,7,3.0,625.0,7.0,0.9,
553,129,Rodrygo,Brazil,MF,,2,5,0,1,,2,91.0,113.0,80.5,4.0,2,1.0,152.0,3.0,0.4,
554,111,Rogelio Funes Mori,Mexico,FW,,0,1,0,0,,0,0.0,0.0,,1.0,0,0.0,2.0,0.0,0.1,
555,115,Romain Saïss,Morocco,DF,,5,6,1,0,,1,159.0,199.0,79.9,5.0,3,30.0,248.0,0.0,0.8,
556,100,Romario Ibarra,Ecuador,MF,,0,2,0,0,,1,10.0,14.0,71.4,0.0,1,2.0,23.0,1.0,0.1,
557,121,Romelu Lukaku,Belgium,FW,,0,2,0,0,,2,6.0,9.0,66.7,0.0,0,1.0,16.0,1.0,1.7,
558,102,Roozbeh Cheshmi,IR Iran,DF,,0,2,1,0,,1,7.0,11.0,63.6,0.0,2,3.0,19.0,0.0,0.1,
559,123,Ruben Vargas,Switzerland,FW,,3,4,0,1,,1,80.0,117.0,68.4,0.0,1,4.0,140.0,1.0,0.3,
560,106,Rubin Colwill,Wales,MF,,0,1,0,0,,0,2.0,4.0,50.0,0.0,0,0.0,6.0,0.0,0.0,
561,99,Ró-Ró,Qatar,DF,,2,3,0,0,,0,78.0,108.0,72.2,6.0,8,3.0,134.0,2.0,0.1,
562,120,Rónald Matarrita,Costa Rica,DF,,0,2,0,0,,0,18.0,29.0,62.1,0.0,0,0.0,30.0,0.0,0.0,
563,127,Rúben Dias,Portugal,DF,,4,4,0,0,,0,248.0,274.0,90.5,4.0,3,9.0,293.0,1.0,0.0,
564,127,Rúben Neves,Portugal,MF,,3,5,0,0,,0,235.0,257.0,91.4,2.0,3,5.0,275.0,1.0,0.1,
565,99,Saad Al Sheeb,Qatar,GK,,1,1,0,0,,0,18.0,20.0,90.0,0.0,0,0.0,22.0,0.0,0.0,
566,102,Sadegh Moharrami,IR Iran,DF,,1,1,0,0,,0,18.0,26.0,69.2,1.0,1,3.0,32.0,2.0,0.0,
567,102,Saeid Ezatolahi,IR Iran,MF,,2,3,0,0,,1,66.0,88.0,75.0,6.0,2,4.0,115.0,0.0,0.1,
568,108,Saleh Al-Shehri,Saudi Arabia,FW,,2,3,1,0,,2,29.0,47.0,61.7,3.0,0,2.0,73.0,1.0,0.1,
569,108,Salem Al-Dawsari,Saudi Arabia,MF,,3,3,2,0,,4,86.0,111.0,77.5,5.0,1,2.0,146.0,6.0,1.8,
570,128,Salis Abdul Samed,Ghana,MF,,2,3,0,0,,0,129.0,145.0,89.0,2.0,4,8.0,169.0,2.0,0.0,
571,108,Salman Al-Faraj,Saudi Arabia,MF,,0,1,0,0,,0,12.0,16.0,75.0,1.0,0,0.0,19.0,2.0,0.0,
572,122,Sam Adekugbe,Canada,DF,,1,3,0,0,,0,63.0,71.0,88.7,0.0,1,1.0,77.0,0.0,0.0,
573,102,Saman Ghoddos,IR Iran,MF,,0,1,0,0,,0,15.0,20.0,75.0,1.0,0,0.0,24.0,1.0,0.2,
574,108,Sami Al-Najei,Saudi Arabia,MF,,0,1,0,0,,0,13.0,21.0,61.9,0.0,0,0.0,25.0,1.0,0.0,
575,124,Samuel Oum Gouet,Cameroon,MF,,1,2,0,0,,0,52.0,59.0,88.1,1.0,0,3.0,65.0,0.0,0.0,
576,102,Sardar Azmoun,IR Iran,FW,,1,3,0,0,,3,18.0,30.0,60.0,0.0,0,1.0,40.0,0.0,0.9,
577,108,Saud Abdulhamid,Saudi Arabia,DF,,3,3,0,0,,0,88.0,122.0,72.1,5.0,2,6.0,150.0,1.0,0.0,
578,130,Saša Lukić,Serbia,MF,,2,3,0,0,,0,143.0,162.0,88.3,2.0,1,5.0,182.0,2.0,0.1,
579,112,Sebastian Szymański,Poland,MF,,1,2,0,0,,0,26.0,41.0,63.4,6.0,2,1.0,61.0,2.0,0.0,
580,125,Sebastián Coates,Uruguay,DF,,2,2,0,0,,0,76.0,93.0,81.7,1.0,1,6.0,107.0,2.0,0.1,
581,115,Selim Amallah,Morocco,MF,,4,7,0,0,,0,65.0,87.0,74.7,13.0,8,3.0,145.0,5.0,0.2,
582,117,Serge Gnabry,Germany,FW,,2,3,1,1,,4,86.0,118.0,72.9,5.0,2,3.0,148.0,7.0,1.1,
583,130,Sergej Milinković-Savić,Serbia,MF,,2,3,1,0,,1,87.0,120.0,72.5,5.0,2,5.0,158.0,2.0,0.2,
584,119,Sergio Busquets,Spain,MF,,4,4,0,0,,0,261.0,289.0,90.3,7.0,1,1.0,309.0,2.0,0.1,
585,125,Sergio Rochet,Uruguay,GK,,3,3,0,0,,0,54.0,78.0,69.2,0.0,0,1.0,88.0,0.0,0.0,
586,105,Sergiño Dest,United States,DF,,3,4,0,1,,0,172.0,200.0,86.0,4.0,2,7.0,250.0,8.0,0.2,
587,105,Shaquell Moore,United States,DF,,0,2,0,0,,0,14.0,21.0,66.7,2.0,0,3.0,27.0,0.0,0.0,
588,118,Shogo Taniguchi,Japan,DF,,2,2,0,0,,0,72.0,85.0,84.7,1.0,1,10.0,105.0,0.0,0.2,
589,118,Shūichi Gonda,Japan,GK,,4,4,0,0,,0,68.0,113.0,60.2,0.0,0,1.0,124.0,0.0,0.0,
590,123,Silvan Widmer,Switzerland,DF,,2,3,0,1,,0,127.0,169.0,75.1,10.0,2,15.0,208.0,6.0,0.0,
591,109,Simon Kjær,Denmark,DF,,0,1,0,0,,0,50.0,59.0,84.7,0.0,5,2.0,68.0,0.0,0.0,
592,115,Sofiane Boufal,Morocco,FW,,5,7,0,0,,1,99.0,133.0,74.4,11.0,2,1.0,199.0,5.0,0.3,
593,115,Sofyan Amrabat,Morocco,MF,,7,7,0,0,,0,269.0,322.0,83.5,16.0,6,10.0,383.0,3.0,0.0,
594,126,Son Heung-min,Korea Republic,FW,,4,4,0,1,,3,77.0,115.0,67.0,5.0,2,0.0,158.0,6.0,0.4,
595,126,Son Jun-ho,Korea Republic,MF,,0,3,0,0,,0,55.0,59.0,93.2,3.0,3,0.0,68.0,0.0,0.0,
596,106,Sorba Thomas,Wales,MF,,0,1,0,0,,0,3.0,4.0,75.0,1.0,0,0.0,6.0,1.0,0.0,
597,130,Srđan Babić,Serbia,DF,,0,1,0,0,,0,10.0,16.0,62.5,1.0,0,1.0,16.0,0.0,0.0,
598,130,Stefan Mitrović,Serbia,DF,,0,1,0,0,,0,18.0,21.0,85.7,0.0,0,0.0,22.0,0.0,0.0,
599,122,Stephen Eustáquio,Canada,MF,,1,2,0,0,,0,83.0,93.0,89.2,4.0,2,6.0,109.0,2.0,0.2,
600,113,Steve Mandanda,France,GK,,1,1,0,0,,0,19.0,31.0,61.3,0.0,0,0.0,32.0,0.0,0.0,
601,104,Steven Berghuis,Netherlands,MF,,2,4,0,1,,0,97.0,131.0,74.0,2.0,0,0.0,141.0,1.0,0.3,
602,104,Steven Bergwijn,Netherlands,FW,,2,4,0,0,,0,64.0,72.0,88.9,1.0,0,0.0,85.0,2.0,0.5,
603,122,Steven Vitória,Canada,DF,,3,3,0,0,,0,160.0,186.0,86.0,3.0,0,7.0,203.0,1.0,0.0,
604,130,Strahinja Pavlović,Serbia,DF,,2,3,1,0,,1,121.0,156.0,77.6,7.0,1,7.0,186.0,3.0,0.2,
605,108,Sultan Al-Ghanam,Saudi Arabia,DF,,1,3,0,0,,0,34.0,52.0,65.4,0.0,2,3.0,68.0,1.0,0.2,
606,110,Taha Yassine Khenissi,Tunisia,FW,,0,2,0,0,,0,2.0,6.0,33.3,0.0,0,0.0,8.0,2.0,0.0,
607,122,Tajon Buchanan,Canada,MF,,2,3,0,1,,0,61.0,89.0,68.5,1.0,3,0.0,131.0,7.0,0.9,
608,118,Takefusa Kubo,Japan,FW,,1,2,0,0,,0,6.0,11.0,54.5,1.0,0,0.0,23.0,1.0,0.0,
609,118,Takehiro Tomiyasu,Japan,DF,,2,3,0,0,,0,73.0,103.0,70.9,0.0,0,7.0,118.0,0.0,0.0,
610,118,Takuma Asano,Japan,FW,,1,4,1,0,,2,21.0,28.0,75.0,0.0,1,1.0,49.0,1.0,0.7,
611,118,Takumi Minamino,Japan,FW,,0,3,0,0,,1,14.0,22.0,63.6,2.0,0,1.0,32.0,2.0,0.1,
612,99,Tarek Salman,Qatar,DF,,0,1,0,0,,0,7.0,10.0,70.0,1.0,1,0.0,14.0,0.0,0.0,
613,128,Tariq Lamptey,Ghana,DF,,1,2,0,0,,0,21.0,34.0,61.8,3.0,1,4.0,50.0,1.0,0.1,
614,104,Teun Koopmeiners,Netherlands,MF,,2,5,0,1,,1,90.0,119.0,75.6,10.0,4,4.0,149.0,4.0,0.1,
615,113,Theo Hernández,France,DF,,5,6,1,2,,2,289.0,339.0,85.3,16.0,4,8.0,383.0,5.0,0.4,
616,107,Thiago Almada,Argentina,MF,,0,1,0,0,,0,13.0,13.0,100.0,0.0,0,0.0,15.0,0.0,0.0,
617,129,Thiago Silva,Brazil,DF,,4,4,0,1,,0,322.0,344.0,93.6,3.0,5,6.0,368.0,0.0,0.2,
618,121,Thibaut Courtois,Belgium,GK,,3,3,0,0,,0,108.0,123.0,87.8,0.0,0,0.0,129.0,0.0,0.0,
619,117,Thilo Kehrer,Germany,DF,,0,1,0,0,,0,22.0,29.0,75.9,6.0,3,2.0,43.0,0.0,0.0,
620,109,Thomas Delaney,Denmark,MF,,0,1,0,0,,0,24.0,29.0,82.8,1.0,0,1.0,31.0,0.0,0.0,
621,121,Thomas Meunier,Belgium,DF,,2,3,0,0,,1,110.0,147.0,74.8,6.0,2,5.0,167.0,1.0,0.2,
622,117,Thomas Müller,Germany,FW,,2,3,0,0,,0,56.0,78.0,71.8,2.0,1,0.0,91.0,2.0,0.3,
623,128,Thomas Partey,Ghana,MF,,3,3,0,0,,0,146.0,176.0,83.0,9.0,0,8.0,220.0,4.0,0.2,
624,121,Thorgan Hazard,Belgium,FW,,1,2,0,0,,0,40.0,58.0,69.0,3.0,0,0.0,66.0,0.0,0.0,
625,105,Tim Ream,United States,DF,,4,4,0,0,,0,245.0,276.0,88.8,4.0,4,12.0,305.0,0.0,0.3,
626,121,Timothy Castagne,Belgium,DF,,3,3,0,0,,0,176.0,202.0,87.1,7.0,2,4.0,229.0,0.0,0.0,
627,105,Timothy Weah,United States,FW,,3,4,1,0,,3,90.0,108.0,83.3,0.0,0,0.0,132.0,5.0,0.6,
628,121,Toby Alderweireld,Belgium,DF,,3,3,0,1,,0,248.0,273.0,90.8,4.0,0,19.0,303.0,0.0,0.0,
629,101,Trent Alexander-Arnold,England,DF,,0,1,0,0,,0,21.0,23.0,91.3,0.0,0,0.0,24.0,0.0,0.0,
630,105,Tyler Adams,United States,MF,,4,4,0,0,,0,241.0,271.0,88.9,11.0,4,6.0,307.0,3.0,0.0,
631,119,Unai Simón,Spain,GK,,4,4,0,0,,0,150.0,160.0,93.8,0.0,0,2.0,167.0,0.0,0.0,
632,111,Uriel Antuna,Mexico,FW,,0,3,0,0,,1,12.0,20.0,60.0,4.0,0,0.0,33.0,0.0,0.2,
633,130,Vanja Milinković-Savić,Serbia,GK,,3,3,0,0,,0,90.0,125.0,72.0,0.0,1,2.0,136.0,0.0,0.0,
634,109,Victor Nelsson,Denmark,DF,,1,1,0,0,,0,69.0,74.0,93.2,0.0,2,1.0,79.0,0.0,0.0,
635,124,Vincent Aboubakar,Cameroon,FW,,1,3,2,1,,3,20.0,31.0,64.5,0.0,0,4.0,50.0,0.0,0.6,
636,104,Vincent Janssen,Netherlands,FW,,1,2,0,0,,0,16.0,20.0,80.0,2.0,0,1.0,32.0,1.0,0.1,
637,129,Vinicius Júnior,Brazil,FW,,3,4,1,2,,4,68.0,90.0,75.6,3.0,0,0.0,132.0,11.0,1.0,
638,104,Virgil van Dijk,Netherlands,DF,,5,5,0,0,,0,311.0,356.0,87.4,2.0,4,21.0,399.0,0.0,0.2,
639,127,Vitinha,Portugal,MF,,1,3,0,0,,2,100.0,108.0,92.6,3.0,1,1.0,118.0,1.0,0.1,
640,110,Wahbi Khazri,Tunisia,FW,,0,2,1,0,,3,13.0,20.0,65.0,2.0,0,0.0,36.0,2.0,0.4,
641,110,Wajdi Kechrida,Tunisia,DF,,1,3,0,0,,0,44.0,69.0,63.8,3.0,0,4.0,77.0,3.0,0.0,
642,115,Walid Cheddira,Morocco,FW,,0,2,0,0,,1,4.0,8.0,50.0,1.0,0,2.0,18.0,0.0,0.5,
643,105,Walker Zimmerman,United States,DF,,3,4,0,0,,0,217.0,244.0,88.9,3.0,4,15.0,274.0,0.0,0.1,
644,118,Wataru Endo,Japan,MF,,3,4,0,0,,1,155.0,192.0,80.7,8.0,3,6.0,239.0,5.0,0.2,
645,106,Wayne Hennessey,Wales,GK,,1,2,0,0,,0,50.0,66.0,75.8,0.0,0,0.0,68.0,0.0,0.0,
646,105,Weston McKennie,United States,MF,,3,4,0,0,,1,117.0,153.0,76.5,2.0,0,5.0,177.0,3.0,0.4,
647,127,William Carvalho,Portugal,MF,,2,4,0,0,,0,156.0,170.0,91.8,6.0,0,3.0,182.0,0.0,0.1,
648,113,William Saliba,France,DF,,0,1,0,0,,0,37.0,37.0,100.0,0.0,0,0.0,38.0,0.0,0.0,
649,112,Wojciech Szczęsny,Poland,GK,,4,4,0,0,,0,84.0,142.0,59.2,0.0,0,4.0,159.0,0.0,0.0,
650,104,Wout Weghorst,Netherlands,FW,,0,4,2,0,,2,9.0,15.0,60.0,0.0,0,1.0,22.0,0.0,0.2,
651,129,Wéverton,Brazil,GK,,0,1,0,0,,0,3.0,5.0,60.0,0.0,0,0.0,5.0,0.0,0.0,
652,104,Xavi Simons,Netherlands,FW,,0,1,0,0,,0,6.0,10.0,60.0,1.0,0,0.0,11.0,0.0,0.0,
653,123,Xherdan Shaqiri,Switzerland,FW,,2,3,1,1,,2,67.0,104.0,64.4,0.0,0,0.0,111.0,5.0,0.3,
654,115,Yahya Attiat Allah,Morocco,DF,,3,6,0,1,,0,98.0,137.0,71.5,4.0,0,15.0,167.0,2.0,0.2,
655,115,Yahya Jabrane,Morocco,MF,,0,2,0,0,,0,,,,,0,,,,,
656,123,Yann Sommer,Switzerland,GK,,3,3,0,0,,0,108.0,118.0,91.5,0.0,0,0.0,126.0,0.0,0.0,
657,121,Yannick Carrasco,Belgium,FW,,1,2,0,0,,0,39.0,46.0,84.8,5.0,1,4.0,68.0,2.0,0.3,
658,108,Yasser Al-Shahrani,Saudi Arabia,DF,,1,1,0,0,,0,13.0,29.0,44.8,3.0,6,6.0,43.0,0.0,0.0,
659,115,Yassine Bounou,Morocco,GK,,6,6,0,0,,0,154.0,209.0,73.7,0.0,0,5.0,219.0,0.0,0.0,
660,110,Yassine Meriah,Tunisia,DF,,3,3,0,0,,0,139.0,171.0,81.3,4.0,1,20.0,208.0,0.0,0.1,
661,120,Yeltsin Tejeda,Costa Rica,MF,,3,3,1,1,,2,78.0,99.0,78.8,4.0,1,7.0,128.0,2.0,0.4,
662,121,Youri Tielemans,Belgium,MF,,1,3,0,0,,0,53.0,64.0,82.8,3.0,2,0.0,77.0,0.0,0.0,
663,115,Youssef En-Nesyri,Morocco,FW,,6,7,2,0,,3,50.0,81.0,61.7,3.0,1,11.0,127.0,1.0,1.2,
664,110,Youssef Msakni,Tunisia,MF,,1,2,0,0,,2,50.0,69.0,72.5,3.0,0,1.0,95.0,5.0,0.5,
665,113,Youssouf Fofana,France,MF,,2,6,0,0,,0,96.0,112.0,85.7,8.0,3,0.0,138.0,3.0,0.2,
666,103,Youssouf Sabaly,Senegal,DF,,4,4,0,0,,1,189.0,219.0,86.3,6.0,4,9.0,253.0,1.0,0.0,
667,117,Youssoufa Moukoko,Germany,FW,,0,1,0,0,,0,1.0,2.0,50.0,0.0,0,0.0,2.0,0.0,0.0,
668,120,Youstin Salas,Costa Rica,DF,,0,2,0,0,,0,15.0,19.0,78.9,5.0,0,1.0,27.0,1.0,0.0,
669,118,Yuki Soma,Japan,FW,,0,1,0,0,,0,11.0,19.0,57.9,2.0,0,0.0,26.0,0.0,0.2,
670,105,Yunus Musah,United States,MF,,3,4,0,0,,1,151.0,182.0,83.0,8.0,2,1.0,221.0,3.0,0.3,
671,118,Yuto Nagatomo,Japan,MF,,2,4,0,0,,0,78.0,109.0,71.6,4.0,0,3.0,123.0,1.0,0.0,
672,115,Zakaria Aboukhlal,Morocco,FW,,0,4,1,0,,2,7.0,14.0,50.0,1.0,1,1.0,26.0,0.0,1.0,
673,119,Álvaro Morata,Spain,FW,,2,4,3,1,,5,28.0,41.0,68.3,1.0,0,2.0,58.0,5.0,1.4,
674,120,Álvaro Zamora,Costa Rica,MF,,0,1,0,0,,0,5.0,5.0,100.0,2.0,1,0.0,9.0,1.0,0.0,
675,107,Ángel Correa,Argentina,MF,,0,1,0,0,,0,3.0,3.0,100.0,1.0,0,1.0,6.0,0.0,0.0,
676,107,Ángel Di María,Argentina,MF,,3,5,1,1,,3,130.0,168.0,77.4,3.0,1,0.0,201.0,6.0,0.8,
677,100,Ángelo Preciado,Ecuador,DF,,2,3,0,1,,0,94.0,129.0,72.9,7.0,6,4.0,162.0,2.0,0.1,
678,129,Éder Militão,Brazil,DF,,3,4,0,0,,1,251.0,277.0,90.6,7.0,3,5.0,306.0,1.0,0.2,
679,120,Óscar Duarte,Costa Rica,DF,,3,3,0,0,,0,68.0,98.0,69.4,4.0,6,15.0,132.0,0.0,0.0,
680,117,İlkay Gündoğan,Germany,MF,,2,3,1,0,,2,150.0,168.0,89.3,3.0,1,1.0,187.0,1.0,1.1,
